-- MySQL dump 10.13  Distrib 5.5.46, for debian-linux-gnu (x86_64)
--
-- Host: db    Database: forum
-- ------------------------------------------------------
-- Server version	5.6.28

/*!40101 SET @OLD_CHARACTER_SET_CLIENT=@@CHARACTER_SET_CLIENT */;
/*!40101 SET @OLD_CHARACTER_SET_RESULTS=@@CHARACTER_SET_RESULTS */;
/*!40101 SET @OLD_COLLATION_CONNECTION=@@COLLATION_CONNECTION */;
/*!40101 SET NAMES utf8 */;
/*!40103 SET @OLD_TIME_ZONE=@@TIME_ZONE */;
/*!40103 SET TIME_ZONE='+00:00' */;
/*!40014 SET @OLD_UNIQUE_CHECKS=@@UNIQUE_CHECKS, UNIQUE_CHECKS=0 */;
/*!40014 SET @OLD_FOREIGN_KEY_CHECKS=@@FOREIGN_KEY_CHECKS, FOREIGN_KEY_CHECKS=0 */;
/*!40101 SET @OLD_SQL_MODE=@@SQL_MODE, SQL_MODE='NO_AUTO_VALUE_ON_ZERO' */;
/*!40111 SET @OLD_SQL_NOTES=@@SQL_NOTES, SQL_NOTES=0 */;

--
-- Table structure for table `migration_versions`
--

DROP TABLE IF EXISTS `migration_versions`;
/*!40101 SET @saved_cs_client     = @@character_set_client */;
/*!40101 SET character_set_client = utf8 */;
CREATE TABLE `migration_versions` (
  `version` varchar(255) COLLATE utf8_unicode_ci NOT NULL,
  PRIMARY KEY (`version`)
) ENGINE=InnoDB DEFAULT CHARSET=utf8 COLLATE=utf8_unicode_ci;
/*!40101 SET character_set_client = @saved_cs_client */;

--
-- Dumping data for table `migration_versions`
--

LOCK TABLES `migration_versions` WRITE;
/*!40000 ALTER TABLE `migration_versions` DISABLE KEYS */;
INSERT INTO `migration_versions` VALUES ('20151214171824'),('20151215103050'),('20151215122043'),('20151215173800');
/*!40000 ALTER TABLE `migration_versions` ENABLE KEYS */;
UNLOCK TABLES;

--
-- Table structure for table `post`
--

DROP TABLE IF EXISTS `post`;
/*!40101 SET @saved_cs_client     = @@character_set_client */;
/*!40101 SET character_set_client = utf8 */;
CREATE TABLE `post` (
  `id` char(36) COLLATE utf8_unicode_ci NOT NULL COMMENT '(DC2Type:guid)',
  `topic_id` char(36) COLLATE utf8_unicode_ci DEFAULT NULL COMMENT '(DC2Type:guid)',
  `content` longtext COLLATE utf8_unicode_ci,
  `is_sticky` tinyint(1) NOT NULL,
  `score` int(11) NOT NULL,
  `created_at` datetime NOT NULL,
  `updated_at` datetime DEFAULT NULL,
  `user_id` varchar(32) COLLATE utf8_unicode_ci NOT NULL,
  PRIMARY KEY (`id`),
  KEY `IDX_5A8A6C8D1F55203D` (`topic_id`),
  CONSTRAINT `FK_5A8A6C8D1F55203D` FOREIGN KEY (`topic_id`) REFERENCES `topic` (`id`) ON DELETE CASCADE
) ENGINE=InnoDB DEFAULT CHARSET=utf8 COLLATE=utf8_unicode_ci;
/*!40101 SET character_set_client = @saved_cs_client */;

--
-- Dumping data for table `post`
--

LOCK TABLES `post` WRITE;
/*!40000 ALTER TABLE `post` DISABLE KEYS */;
INSERT INTO `post` VALUES ('075c4310-b52e-11e5-b52e-0242ac110002','075bb73f-b52e-11e5-b52e-0242ac110002','Hic odio quod totam quia tempora.',0,3,'2015-10-03 14:46:29','2016-01-07 11:01:39','nikolaus.amiya'),('075c4888-b52e-11e5-b52e-0242ac110002','075b3028-b52e-11e5-b52e-0242ac110002','Ducimus aut voluptatum quia voluptatem est quo ea.',0,-2,'2015-05-30 17:11:08','2016-01-07 11:01:39','ayundt'),('075c4dd9-b52e-11e5-b52e-0242ac110002','075b0549-b52e-11e5-b52e-0242ac110002','Voluptatem libero et illo ducimus consectetur est.',0,-1,'2015-08-01 23:41:54','2016-01-07 11:01:39','jhyatt'),('075c5330-b52e-11e5-b52e-0242ac110002','075bfd0d-b52e-11e5-b52e-0242ac110002','Omnis velit ratione quia minus sint.',0,-1,'2015-05-22 20:11:24','2016-01-07 11:01:39','brakus.barney'),('075c5882-b52e-11e5-b52e-0242ac110002','075a7357-b52e-11e5-b52e-0242ac110002','Inventore repellendus voluptatum sit unde.',0,6,'2015-12-09 06:58:31','2016-01-07 11:01:39','thiel.cesar'),('075c5ddf-b52e-11e5-b52e-0242ac110002','075a8ec0-b52e-11e5-b52e-0242ac110002','Itaque sequi architecto quia veniam accusantium.',0,2,'2016-01-01 20:57:27','2016-01-07 11:01:39','else.rippin'),('075c6337-b52e-11e5-b52e-0242ac110002','075af549-b52e-11e5-b52e-0242ac110002','Excepturi molestias occaecati quo culpa.',0,4,'2015-09-05 11:46:31','2016-01-07 11:01:39','opal.weissnat'),('075c6889-b52e-11e5-b52e-0242ac110002','075be240-b52e-11e5-b52e-0242ac110002','Sit cumque natus non neque.',0,-1,'2015-06-08 20:42:03','2016-01-07 11:01:39','grayce.gutmann'),('075c6dde-b52e-11e5-b52e-0242ac110002','075afff4-b52e-11e5-b52e-0242ac110002','Sit beatae quo alias aut laborum perspiciatis quos.',0,4,'2015-01-27 08:37:08','2016-01-07 11:01:39','lubowitz.abraham'),('075c7332-b52e-11e5-b52e-0242ac110002','075c1853-b52e-11e5-b52e-0242ac110002','Ut beatae repellendus doloremque omnis ut aut.',0,0,'2015-10-26 10:52:34','2016-01-07 11:01:39','jarod.leffler'),('075c7894-b52e-11e5-b52e-0242ac110002','075a3316-b52e-11e5-b52e-0242ac110002','Culpa voluptatem aperiam qui animi pariatur rerum.',0,4,'2015-02-11 09:14:06','2016-01-07 11:01:39','ycruickshank'),('075c7def-b52e-11e5-b52e-0242ac110002','075bb73f-b52e-11e5-b52e-0242ac110002','Aperiam laudantium fugiat est officia aut.',0,3,'2015-04-30 15:44:21','2016-01-07 11:01:39','lemuel39'),('075c8346-b52e-11e5-b52e-0242ac110002','075b3028-b52e-11e5-b52e-0242ac110002','Culpa dolorum similique a nihil.',0,1,'2015-01-23 23:05:59','2016-01-07 11:01:39','schowalter.emely'),('075c889e-b52e-11e5-b52e-0242ac110002','075a9ed1-b52e-11e5-b52e-0242ac110002','Eius est minus quis aut.',0,7,'2015-01-10 02:09:03','2016-01-07 11:01:39','april.lind'),('075c8e07-b52e-11e5-b52e-0242ac110002','075bf257-b52e-11e5-b52e-0242ac110002','Architecto magni deserunt ad cupiditate soluta.',0,7,'2015-02-07 10:57:51','2016-01-07 11:01:39','fannie85'),('075c935b-b52e-11e5-b52e-0242ac110002','075ae9cb-b52e-11e5-b52e-0242ac110002','Quo incidunt aperiam sunt unde ut ullam.',0,2,'2015-02-25 12:28:18','2016-01-07 11:01:39','xstrosin'),('075c98cc-b52e-11e5-b52e-0242ac110002','075bdce6-b52e-11e5-b52e-0242ac110002','Iure placeat fugiat itaque.',0,0,'2015-12-09 12:14:28','2016-01-07 11:01:39','blanca40'),('075c9e2a-b52e-11e5-b52e-0242ac110002','075c1daa-b52e-11e5-b52e-0242ac110002','Vel qui unde et dolor.',0,7,'2015-07-28 13:29:56','2016-01-07 11:01:39','omante'),('075ca38c-b52e-11e5-b52e-0242ac110002','075b504b-b52e-11e5-b52e-0242ac110002','Voluptatibus harum id cupiditate asperiores assumenda molestiae.',0,6,'2015-08-07 08:12:21','2016-01-07 11:01:39','hglover'),('075ca8e5-b52e-11e5-b52e-0242ac110002','075bfd0d-b52e-11e5-b52e-0242ac110002','Magni qui qui officia.',0,4,'2015-04-22 02:22:35','2016-01-07 11:01:39','turcotte.darlene'),('075cae3e-b52e-11e5-b52e-0242ac110002','075aa97f-b52e-11e5-b52e-0242ac110002','Consequatur suscipit saepe quia vero nesciunt nobis aperiam.',0,10,'2015-10-09 13:33:10','2016-01-07 11:01:39','mia.corkery'),('075cb397-b52e-11e5-b52e-0242ac110002','075ba12d-b52e-11e5-b52e-0242ac110002','Dolorum voluptas est voluptatem a nihil possimus aut.',0,2,'2015-01-13 21:44:29','2016-01-07 11:01:39','candida.parker'),('075cb8f7-b52e-11e5-b52e-0242ac110002','075c1853-b52e-11e5-b52e-0242ac110002','Excepturi alias ex consequatur qui eaque ut.',0,9,'2015-11-28 05:03:58','2016-01-07 11:01:39','torphy.melissa'),('075cbe55-b52e-11e5-b52e-0242ac110002','075b0549-b52e-11e5-b52e-0242ac110002','Sed eaque ut ut.',0,10,'2015-08-09 23:03:50','2016-01-07 11:01:39','pattie.blanda'),('075cc3b5-b52e-11e5-b52e-0242ac110002','075bd786-b52e-11e5-b52e-0242ac110002','Hic et aperiam voluptas corporis fugiat distinctio occaecati.',0,8,'2015-10-12 14:42:32','2016-01-07 11:01:39','rosario.labadie'),('075cc908-b52e-11e5-b52e-0242ac110002','075a2c48-b52e-11e5-b52e-0242ac110002','Blanditiis aut ut nemo eum vitae impedit.',0,8,'2015-12-13 22:37:09','2016-01-07 11:01:39','braun.kelley'),('075cce5f-b52e-11e5-b52e-0242ac110002','075b2007-b52e-11e5-b52e-0242ac110002','Aut qui rem minima unde enim molestiae autem id.',0,7,'2015-09-14 21:42:04','2016-01-07 11:01:39','ismael.sanford'),('075cd3bc-b52e-11e5-b52e-0242ac110002','075a7357-b52e-11e5-b52e-0242ac110002','Voluptas ut ut facilis qui sed.',0,1,'2015-07-14 07:06:11','2016-01-07 11:01:39','everette.ziemann'),('075cd90c-b52e-11e5-b52e-0242ac110002','075ab997-b52e-11e5-b52e-0242ac110002','Iste vel perferendis consequuntur assumenda.',0,1,'2015-01-24 17:14:30','2016-01-07 11:01:39','green.janessa'),('075cde82-b52e-11e5-b52e-0242ac110002','075a1655-b52e-11e5-b52e-0242ac110002','Id aliquam reprehenderit a tempora ipsam error vel.',0,-1,'2015-06-25 13:19:21','2016-01-07 11:01:39','grimes.margaretta'),('075ce3dd-b52e-11e5-b52e-0242ac110002','075b4051-b52e-11e5-b52e-0242ac110002','Nihil dolore unde nihil ducimus rerum est similique.',0,-2,'2015-08-25 00:33:23','2016-01-07 11:01:39','lwill'),('075ce938-b52e-11e5-b52e-0242ac110002','075a1e30-b52e-11e5-b52e-0242ac110002','Excepturi soluta temporibus repellendus.',0,8,'2015-04-17 17:13:29','2016-01-07 11:01:39','brent48'),('075cee91-b52e-11e5-b52e-0242ac110002','075ac459-b52e-11e5-b52e-0242ac110002','Quo soluta molestiae optio consectetur est cupiditate a.',0,5,'2015-11-06 14:23:34','2016-01-07 11:01:39','dock06'),('075cf3e5-b52e-11e5-b52e-0242ac110002','075b2007-b52e-11e5-b52e-0242ac110002','Qui vitae enim et explicabo possimus nesciunt voluptatibus.',0,5,'2015-03-10 12:54:30','2016-01-07 11:01:39','tracey25'),('075cf936-b52e-11e5-b52e-0242ac110002','075a404d-b52e-11e5-b52e-0242ac110002','Repellendus provident voluptatem qui repellendus necessitatibus.',0,-2,'2015-12-20 01:34:42','2016-01-07 11:01:39','lueilwitz.lowell'),('075cfe8c-b52e-11e5-b52e-0242ac110002','075bfd0d-b52e-11e5-b52e-0242ac110002','Odio explicabo quam accusamus voluptate sint quia fuga.',0,7,'2015-05-25 01:56:37','2016-01-07 11:01:39','loconner'),('075d04f9-b52e-11e5-b52e-0242ac110002','075b606b-b52e-11e5-b52e-0242ac110002','Illo omnis quidem quo.',0,2,'2015-05-30 10:01:32','2016-01-07 11:01:39','alvina10'),('075d0a65-b52e-11e5-b52e-0242ac110002','075b0549-b52e-11e5-b52e-0242ac110002','Nostrum voluptatem et et ea ad harum tempore.',0,1,'2015-01-25 16:47:18','2016-01-07 11:01:39','hand.niko'),('075d109d-b52e-11e5-b52e-0242ac110002','075ad9ca-b52e-11e5-b52e-0242ac110002','Nulla explicabo commodi praesentium voluptatem sapiente.',0,7,'2015-03-25 17:54:30','2016-01-07 11:01:39','noelia88'),('075d15f6-b52e-11e5-b52e-0242ac110002','075a7e9c-b52e-11e5-b52e-0242ac110002','Magni quis nobis dolorem iusto odio.',0,1,'2015-01-08 20:29:00','2016-01-07 11:01:39','violette.witting'),('075d1b56-b52e-11e5-b52e-0242ac110002','075ad478-b52e-11e5-b52e-0242ac110002','Consectetur beatae autem dolorem maiores aut blanditiis in.',0,8,'2015-11-13 05:20:40','2016-01-07 11:01:39','greyson.bins'),('075d20b0-b52e-11e5-b52e-0242ac110002','075b3596-b52e-11e5-b52e-0242ac110002','Itaque et reiciendis quo sapiente est.',0,1,'2015-03-20 04:53:01','2016-01-07 11:01:39','trent.cassin'),('075d2606-b52e-11e5-b52e-0242ac110002','075c1853-b52e-11e5-b52e-0242ac110002','Ea velit quo autem id.',0,2,'2015-07-23 00:16:44','2016-01-07 11:01:39','ibode'),('075d2b63-b52e-11e5-b52e-0242ac110002','075ac459-b52e-11e5-b52e-0242ac110002','Quaerat minima id corrupti veritatis aspernatur.',0,9,'2015-03-08 02:16:35','2016-01-07 11:01:39','elouise92'),('075d30c1-b52e-11e5-b52e-0242ac110002','075b65c1-b52e-11e5-b52e-0242ac110002','Commodi et voluptates inventore dolor assumenda ut minus vitae.',0,1,'2015-02-15 03:35:26','2016-01-07 11:01:39','toy.alyson'),('075d3612-b52e-11e5-b52e-0242ac110002','075c2304-b52e-11e5-b52e-0242ac110002','Et ut corporis recusandae ad omnis explicabo.',0,-1,'2015-09-03 19:39:05','2016-01-07 11:01:39','ybalistreri'),('075d3b65-b52e-11e5-b52e-0242ac110002','075c2859-b52e-11e5-b52e-0242ac110002','Et id perferendis asperiores et reprehenderit rem dolorum.',0,4,'2015-02-22 18:45:12','2016-01-07 11:01:39','grant.lonny'),('075d40b6-b52e-11e5-b52e-0242ac110002','075a688a-b52e-11e5-b52e-0242ac110002','Omnis ex omnis est similique culpa dolorem dolor perspiciatis.',0,1,'2015-01-13 13:11:54','2016-01-07 11:01:39','santino.wolf'),('075d45ff-b52e-11e5-b52e-0242ac110002','075a404d-b52e-11e5-b52e-0242ac110002','Necessitatibus qui expedita quasi rerum veritatis.',0,6,'2015-01-30 07:02:38','2016-01-07 11:01:39','delfina.bartell'),('075d4b56-b52e-11e5-b52e-0242ac110002','075a1e30-b52e-11e5-b52e-0242ac110002','Ut itaque iusto consequuntur delectus consequuntur.',0,4,'2015-12-04 08:41:23','2016-01-07 11:01:39','jjohns'),('075d50a3-b52e-11e5-b52e-0242ac110002','075bbcb3-b52e-11e5-b52e-0242ac110002','Dolor omnis ut et fugiat animi veniam.',0,5,'2015-04-17 07:28:24','2016-01-07 11:01:39','greta.beatty'),('075d55f2-b52e-11e5-b52e-0242ac110002','075ae9cb-b52e-11e5-b52e-0242ac110002','Laborum doloribus iusto ipsum suscipit qui.',0,0,'2015-11-03 09:41:14','2016-01-07 11:01:39','jessika.reinger'),('075d5b45-b52e-11e5-b52e-0242ac110002','075c1daa-b52e-11e5-b52e-0242ac110002','Sint nisi sed maiores veritatis laudantium.',0,0,'2015-05-15 13:59:30','2016-01-07 11:01:39','aklein'),('075d60a7-b52e-11e5-b52e-0242ac110002','075b45a4-b52e-11e5-b52e-0242ac110002','Accusamus iusto et quis voluptate recusandae vel.',0,1,'2015-06-23 15:59:53','2016-01-07 11:01:39','vivian49'),('075d6600-b52e-11e5-b52e-0242ac110002','075bd786-b52e-11e5-b52e-0242ac110002','Ut ipsam odio quia consequuntur temporibus.',0,3,'2015-01-07 16:46:01','2016-01-07 11:01:39','jbernhard'),('075d6b55-b52e-11e5-b52e-0242ac110002','075b2007-b52e-11e5-b52e-0242ac110002','Eius totam esse velit voluptas temporibus.',0,1,'2015-07-23 17:00:28','2016-01-07 11:01:39','mckenzie.bridie'),('075d70a7-b52e-11e5-b52e-0242ac110002','075bb73f-b52e-11e5-b52e-0242ac110002','Fugiat officia ut omnis nihil dolores et.',0,0,'2015-10-06 07:01:16','2016-01-07 11:01:39','zhane'),('075d75fc-b52e-11e5-b52e-0242ac110002','075afff4-b52e-11e5-b52e-0242ac110002','Fugiat doloremque ab unde a cumque culpa voluptatum.',0,7,'2015-07-11 21:39:16','2016-01-07 11:01:39','altenwerth.jayne'),('075d7b92-b52e-11e5-b52e-0242ac110002','075a3316-b52e-11e5-b52e-0242ac110002','Error rerum accusantium laborum veniam iure doloremque possimus.',0,1,'2015-09-20 14:43:17','2016-01-07 11:01:39','jennyfer.metz'),('075d80ee-b52e-11e5-b52e-0242ac110002','075a4d62-b52e-11e5-b52e-0242ac110002','A molestiae aliquam aut voluptate velit et et.',0,5,'2015-05-29 23:05:33','2016-01-07 11:01:39','zack51'),('075d8799-b52e-11e5-b52e-0242ac110002','075c3300-b52e-11e5-b52e-0242ac110002','Tempore maxime nemo rerum in dolores molestias earum quos.',0,-1,'2015-06-23 04:49:06','2016-01-07 11:01:39','lmarvin'),('075d935a-b52e-11e5-b52e-0242ac110002','075ad9ca-b52e-11e5-b52e-0242ac110002','Nihil quidem est eum quia et amet.',0,-1,'2015-10-04 05:06:06','2016-01-07 11:01:39','thora.turner'),('075d9f79-b52e-11e5-b52e-0242ac110002','075af549-b52e-11e5-b52e-0242ac110002','Sed voluptatibus in laborum est ratione.',0,-2,'2015-07-31 16:03:51','2016-01-07 11:01:39','little.bernadine'),('075daa43-b52e-11e5-b52e-0242ac110002','075b0549-b52e-11e5-b52e-0242ac110002','Ratione est eveniet perspiciatis et et sed.',0,10,'2015-04-21 19:29:05','2016-01-07 11:01:39','rosella75'),('075db49d-b52e-11e5-b52e-0242ac110002','075c1853-b52e-11e5-b52e-0242ac110002','Ad totam nihil quis aliquid.',0,-2,'2016-01-02 21:34:15','2016-01-07 11:01:39','kareem59'),('075dbed9-b52e-11e5-b52e-0242ac110002','075ac9b6-b52e-11e5-b52e-0242ac110002','Doloremque magnam et impedit quo molestias vel.',0,0,'2015-08-11 18:09:43','2016-01-07 11:01:39','joan.lind'),('075dc8dd-b52e-11e5-b52e-0242ac110002','075abefb-b52e-11e5-b52e-0242ac110002','Inventore vero animi unde doloribus culpa qui.',0,8,'2015-03-12 23:47:59','2016-01-07 11:01:39','hettinger.rubie'),('075dd2d1-b52e-11e5-b52e-0242ac110002','075b8f76-b52e-11e5-b52e-0242ac110002','Ut exercitationem est quia ad quas ut cumque.',0,7,'2015-08-19 15:10:49','2016-01-07 11:01:39','terry.liliane'),('075ddcb2-b52e-11e5-b52e-0242ac110002','075ab997-b52e-11e5-b52e-0242ac110002','Saepe ex voluptas aut.',0,2,'2015-03-07 12:40:44','2016-01-07 11:01:39','ezequiel20'),('075de691-b52e-11e5-b52e-0242ac110002','075a2c48-b52e-11e5-b52e-0242ac110002','Cupiditate excepturi non saepe in voluptatem vel rem quaerat.',0,-1,'2015-02-08 20:10:48','2016-01-07 11:01:39','schulist.annie'),('075df05a-b52e-11e5-b52e-0242ac110002','075b1aa1-b52e-11e5-b52e-0242ac110002','Velit deleniti enim rerum sequi vel et.',0,4,'2015-04-28 21:06:09','2016-01-07 11:01:39','vbatz'),('075dfa11-b52e-11e5-b52e-0242ac110002','075c2304-b52e-11e5-b52e-0242ac110002','Ut adipisci rerum molestiae cum et.',0,8,'2015-10-09 02:00:28','2016-01-07 11:01:39','wstokes'),('075e03c9-b52e-11e5-b52e-0242ac110002','075aa97f-b52e-11e5-b52e-0242ac110002','Deserunt nobis doloribus enim ipsa dolores.',0,10,'2015-06-20 22:02:44','2016-01-07 11:01:39','weimann.erika'),('075e0d7d-b52e-11e5-b52e-0242ac110002','075c2da9-b52e-11e5-b52e-0242ac110002','Est rerum nihil sint placeat ipsa id ullam.',0,-2,'2015-04-26 07:58:06','2016-01-07 11:01:39','zlind'),('075e172d-b52e-11e5-b52e-0242ac110002','075c2304-b52e-11e5-b52e-0242ac110002','Totam aut impedit facere rerum.',0,-1,'2015-07-20 11:19:14','2016-01-07 11:01:39','dthiel'),('075e20ea-b52e-11e5-b52e-0242ac110002','075af549-b52e-11e5-b52e-0242ac110002','Eum amet provident sint.',0,0,'2015-08-05 23:40:24','2016-01-07 11:01:39','lmclaughlin'),('075e2a96-b52e-11e5-b52e-0242ac110002','075b3028-b52e-11e5-b52e-0242ac110002','Et ab voluptate molestiae ut qui assumenda ex.',0,7,'2015-05-25 23:06:23','2016-01-07 11:01:39','ghowell'),('075e311c-b52e-11e5-b52e-0242ac110002','075ab443-b52e-11e5-b52e-0242ac110002','Non qui eaque natus qui voluptas dicta beatae deleniti.',0,1,'2015-06-01 15:10:04','2016-01-07 11:01:39','wlittel'),('075e3796-b52e-11e5-b52e-0242ac110002','075a404d-b52e-11e5-b52e-0242ac110002','Illum cum aut facilis dolore doloremque unde.',0,1,'2015-08-24 00:17:41','2016-01-07 11:01:39','bklein'),('075e3e11-b52e-11e5-b52e-0242ac110002','075bccd9-b52e-11e5-b52e-0242ac110002','Fugit dolorem molestiae aut est enim cupiditate.',0,1,'2015-06-01 00:42:23','2016-01-07 11:01:39','ccummerata'),('075e4481-b52e-11e5-b52e-0242ac110002','075a8406-b52e-11e5-b52e-0242ac110002','Perspiciatis ut vel quibusdam voluptatem consequuntur voluptatem.',0,7,'2015-07-12 09:44:33','2016-01-07 11:01:39','gaston08'),('075e4af0-b52e-11e5-b52e-0242ac110002','075ac9b6-b52e-11e5-b52e-0242ac110002','Et omnis est animi quaerat laborum autem.',0,2,'2015-05-31 03:59:34','2016-01-07 11:01:39','christy.bosco'),('075e5157-b52e-11e5-b52e-0242ac110002','075b2007-b52e-11e5-b52e-0242ac110002','Ipsa tenetur exercitationem autem consequatur consequatur perspiciatis animi ab.',0,9,'2015-10-15 06:37:19','2016-01-07 11:01:39','deven.blanda'),('075e57d3-b52e-11e5-b52e-0242ac110002','075a9976-b52e-11e5-b52e-0242ac110002','Explicabo assumenda sit repellat sint nam in pariatur.',0,6,'2015-11-15 17:26:41','2016-01-07 11:01:39','jarrell45'),('075e5e3d-b52e-11e5-b52e-0242ac110002','075a046b-b52e-11e5-b52e-0242ac110002','Id voluptas similique cumque provident et cum architecto.',0,4,'2015-01-10 02:52:57','2016-01-07 11:01:39','koch.michel'),('075e64ac-b52e-11e5-b52e-0242ac110002','075ad478-b52e-11e5-b52e-0242ac110002','Ut repellat delectus magnam repudiandae molestiae et a.',0,0,'2015-01-17 11:13:41','2016-01-07 11:01:39','utromp'),('075e6b22-b52e-11e5-b52e-0242ac110002','075a5854-b52e-11e5-b52e-0242ac110002','Fugiat repellat harum assumenda sed illo voluptatem nobis fugit.',0,0,'2015-01-28 09:29:32','2016-01-07 11:01:39','monahan.fritz'),('075e7192-b52e-11e5-b52e-0242ac110002','075c3300-b52e-11e5-b52e-0242ac110002','Sint et inventore ipsam ullam ullam.',0,9,'2015-03-13 19:25:57','2016-01-07 11:01:39','vstiedemann'),('075e7808-b52e-11e5-b52e-0242ac110002','075bbcb3-b52e-11e5-b52e-0242ac110002','Labore et totam adipisci et odit molestiae.',0,-2,'2015-03-31 01:05:43','2016-01-07 11:01:39','vtrantow'),('075e7e83-b52e-11e5-b52e-0242ac110002','075c2304-b52e-11e5-b52e-0242ac110002','Laboriosam possimus ut voluptatibus.',0,10,'2015-04-05 18:47:52','2016-01-07 11:01:39','hudson19'),('075e8500-b52e-11e5-b52e-0242ac110002','075b9b7d-b52e-11e5-b52e-0242ac110002','Et eveniet porro non similique aut suscipit.',0,3,'2015-09-24 15:31:03','2016-01-07 11:01:39','lonny.hickle'),('075e8cbb-b52e-11e5-b52e-0242ac110002','075bb1cd-b52e-11e5-b52e-0242ac110002','Eos et cum illum.',0,6,'2015-07-04 19:53:37','2016-01-07 11:01:39','kavon.purdy'),('075e9355-b52e-11e5-b52e-0242ac110002','075a9418-b52e-11e5-b52e-0242ac110002','Repudiandae numquam veniam sequi dolorem quisquam amet.',0,-2,'2015-09-07 15:34:18','2016-01-07 11:01:39','kbednar'),('075e99db-b52e-11e5-b52e-0242ac110002','075b45a4-b52e-11e5-b52e-0242ac110002','At porro aut corporis quis in.',0,10,'2015-03-12 06:04:16','2016-01-07 11:01:39','fisher.gavin'),('075ea056-b52e-11e5-b52e-0242ac110002','075b3028-b52e-11e5-b52e-0242ac110002','Harum sit et nemo rerum quasi.',0,-1,'2015-10-10 01:06:24','2016-01-07 11:01:39','rickey85'),('075ea6cf-b52e-11e5-b52e-0242ac110002','075a5dbd-b52e-11e5-b52e-0242ac110002','Soluta distinctio placeat nesciunt quam hic perspiciatis.',0,6,'2015-01-26 10:33:11','2016-01-07 11:01:39','xander91'),('075ead4d-b52e-11e5-b52e-0242ac110002','075b4af4-b52e-11e5-b52e-0242ac110002','Vero sint qui rerum.',0,-1,'2015-10-31 12:04:29','2016-01-07 11:01:39','haley.vicente'),('075eb3c2-b52e-11e5-b52e-0242ac110002','075bf257-b52e-11e5-b52e-0242ac110002','Commodi id distinctio commodi dolorem voluptas occaecati itaque vel.',0,9,'2015-12-31 08:12:42','2016-01-07 11:01:39','jarret58'),('075eba38-b52e-11e5-b52e-0242ac110002','075b8f76-b52e-11e5-b52e-0242ac110002','Eius et maiores laboriosam qui pariatur.',0,7,'2015-09-07 14:56:59','2016-01-07 11:01:39','pouros.randal'),('075ec0aa-b52e-11e5-b52e-0242ac110002','075becff-b52e-11e5-b52e-0242ac110002','Iste enim sunt architecto aliquid amet.',0,-2,'2015-11-30 12:37:30','2016-01-07 11:01:39','schroeder.amelie'),('075ec71d-b52e-11e5-b52e-0242ac110002','075adf25-b52e-11e5-b52e-0242ac110002','Culpa totam iste facere sit et voluptatum suscipit aut.',0,-2,'2015-07-07 21:47:06','2016-01-07 11:01:39','margot10'),('075ecd99-b52e-11e5-b52e-0242ac110002','075ab443-b52e-11e5-b52e-0242ac110002','Provident et nobis dolore praesentium.',0,4,'2015-10-14 20:16:44','2016-01-07 11:01:39','nhyatt'),('075ed411-b52e-11e5-b52e-0242ac110002','075c0841-b52e-11e5-b52e-0242ac110002','Vel qui sit voluptatem dolores distinctio velit.',0,1,'2015-11-07 21:58:33','2016-01-07 11:01:39','alexa31'),('075eda82-b52e-11e5-b52e-0242ac110002','075aefcf-b52e-11e5-b52e-0242ac110002','Modi molestias qui expedita delectus accusamus.',0,8,'2015-02-23 23:43:41','2016-01-07 11:01:39','xtillman'),('075ee0f2-b52e-11e5-b52e-0242ac110002','075a3316-b52e-11e5-b52e-0242ac110002','Eum quia illum et pariatur enim.',0,4,'2015-08-14 21:25:31','2016-01-07 11:01:39','nash48'),('075ee771-b52e-11e5-b52e-0242ac110002','075bb73f-b52e-11e5-b52e-0242ac110002','Repudiandae nesciunt labore dolores.',0,8,'2015-06-15 05:40:26','2016-01-07 11:01:39','brody.watsica'),('075eede9-b52e-11e5-b52e-0242ac110002','075b0549-b52e-11e5-b52e-0242ac110002','Qui perferendis rem molestiae magnam.',0,7,'2015-07-28 09:37:17','2016-01-07 11:01:39','epagac'),('075ef507-b52e-11e5-b52e-0242ac110002','075c3dab-b52e-11e5-b52e-0242ac110002','Voluptatem animi velit maxime sint natus omnis.',0,5,'2015-04-26 20:13:46','2016-01-07 11:01:39','kuphal.delpha'),('075efbd8-b52e-11e5-b52e-0242ac110002','075a7357-b52e-11e5-b52e-0242ac110002','Architecto non aut itaque eius qui delectus aspernatur.',0,4,'2016-01-03 00:32:01','2016-01-07 11:01:39','duncan.rohan'),('075f0250-b52e-11e5-b52e-0242ac110002','075b65c1-b52e-11e5-b52e-0242ac110002','Praesentium nam consequatur incidunt.',0,-2,'2015-04-06 23:49:14','2016-01-07 11:01:39','lori.upton'),('075f08b9-b52e-11e5-b52e-0242ac110002','075b706c-b52e-11e5-b52e-0242ac110002','Id soluta quia quidem quibusdam odit quos.',0,6,'2015-06-05 06:59:02','2016-01-07 11:01:39','edgar33'),('075f0f24-b52e-11e5-b52e-0242ac110002','075a9ed1-b52e-11e5-b52e-0242ac110002','Facilis quisquam vero eligendi nemo nisi.',0,6,'2015-06-04 13:46:32','2016-01-07 11:01:39','jasen21'),('075f1692-b52e-11e5-b52e-0242ac110002','075b4051-b52e-11e5-b52e-0242ac110002','Atque suscipit quisquam et quos non nisi est autem.',0,6,'2015-04-07 01:03:27','2016-01-07 11:01:39','pharris'),('075f1d0b-b52e-11e5-b52e-0242ac110002','075c2304-b52e-11e5-b52e-0242ac110002','Adipisci consequuntur voluptates et dolores.',0,7,'2015-04-04 20:08:47','2016-01-07 11:01:39','connelly.maia'),('075f237b-b52e-11e5-b52e-0242ac110002','075c2304-b52e-11e5-b52e-0242ac110002','Sit dolores consectetur id cupiditate et sunt.',0,9,'2015-05-09 15:47:31','2016-01-07 11:01:39','okon.lew'),('075f2aaa-b52e-11e5-b52e-0242ac110002','075b3028-b52e-11e5-b52e-0242ac110002','Qui dolorum sed expedita numquam sunt autem.',0,1,'2015-04-23 01:24:14','2016-01-07 11:01:39','dohara'),('075f30a8-b52e-11e5-b52e-0242ac110002','075b4af4-b52e-11e5-b52e-0242ac110002','Rerum consectetur et eius illo qui sunt sapiente.',0,8,'2015-03-27 06:27:01','2016-01-07 11:01:39','hosea94'),('075f369a-b52e-11e5-b52e-0242ac110002','075a6df3-b52e-11e5-b52e-0242ac110002','Assumenda praesentium amet ut laudantium voluptatem autem ratione.',0,7,'2015-12-19 19:57:19','2016-01-07 11:01:39','bergnaum.kassandra'),('075f3c8d-b52e-11e5-b52e-0242ac110002','075bd22f-b52e-11e5-b52e-0242ac110002','Porro consequuntur ullam quia neque odit.',0,9,'2015-04-12 23:58:41','2016-01-07 11:01:39','danika13'),('075f427d-b52e-11e5-b52e-0242ac110002','075a7e9c-b52e-11e5-b52e-0242ac110002','Sapiente fugit ullam veniam beatae sequi nemo aliquid.',0,3,'2015-05-14 16:36:30','2016-01-07 11:01:39','vesta58'),('075f4874-b52e-11e5-b52e-0242ac110002','075b606b-b52e-11e5-b52e-0242ac110002','Et id est illum veniam eos quam placeat.',0,7,'2015-04-04 20:14:28','2016-01-07 11:01:39','raegan.robel'),('075f4e62-b52e-11e5-b52e-0242ac110002','075b6b17-b52e-11e5-b52e-0242ac110002','Ut ea et occaecati repellendus amet commodi.',0,-1,'2015-02-21 04:58:06','2016-01-07 11:01:39','thompson.aubree'),('075f545a-b52e-11e5-b52e-0242ac110002','075a4d62-b52e-11e5-b52e-0242ac110002','Sit ea consequatur omnis est sint reprehenderit.',0,8,'2015-04-04 13:48:40','2016-01-07 11:01:39','leta98'),('075f5a4d-b52e-11e5-b52e-0242ac110002','075bc216-b52e-11e5-b52e-0242ac110002','Molestias soluta ducimus maiores id non eius ipsa ut.',0,-1,'2015-09-30 21:00:44','2016-01-07 11:01:39','metz.casimer'),('075f6037-b52e-11e5-b52e-0242ac110002','075c3853-b52e-11e5-b52e-0242ac110002','Aut ipsam magnam sit officia assumenda accusamus aut.',0,0,'2015-01-29 16:25:22','2016-01-07 11:01:39','hettinger.elisa'),('075f6634-b52e-11e5-b52e-0242ac110002','075c0841-b52e-11e5-b52e-0242ac110002','Iusto quasi molestiae earum commodi placeat qui vel pariatur.',0,0,'2015-08-21 00:12:26','2016-01-07 11:01:39','tklein'),('075f6c1e-b52e-11e5-b52e-0242ac110002','075b0549-b52e-11e5-b52e-0242ac110002','Et ea est nulla harum.',0,5,'2015-02-10 05:22:58','2016-01-07 11:01:39','tia51'),('075f720b-b52e-11e5-b52e-0242ac110002','075adf25-b52e-11e5-b52e-0242ac110002','Nihil at odit nobis in iste impedit rerum.',0,8,'2015-04-11 14:01:07','2016-01-07 11:01:39','cesar.nicolas'),('075f7801-b52e-11e5-b52e-0242ac110002','075a8ec0-b52e-11e5-b52e-0242ac110002','Deleniti molestias sunt modi cumque.',0,4,'2015-03-16 12:19:15','2016-01-07 11:01:39','sharon.stanton'),('075f7e68-b52e-11e5-b52e-0242ac110002','075bc216-b52e-11e5-b52e-0242ac110002','Vitae veniam reiciendis ex.',0,3,'2015-04-12 00:27:17','2016-01-07 11:01:39','akovacek'),('075f846a-b52e-11e5-b52e-0242ac110002','075bf7b1-b52e-11e5-b52e-0242ac110002','Et laborum quia architecto temporibus alias ratione facere.',0,8,'2015-11-04 04:16:27','2016-01-07 11:01:39','murphy.verda'),('075f8a6a-b52e-11e5-b52e-0242ac110002','075a046b-b52e-11e5-b52e-0242ac110002','Id amet reprehenderit aperiam dolor quis.',0,0,'2015-06-07 08:46:05','2016-01-07 11:01:39','nadia61'),('075f905f-b52e-11e5-b52e-0242ac110002','075c2859-b52e-11e5-b52e-0242ac110002','Expedita et voluptas molestiae et qui.',0,10,'2015-02-21 00:49:08','2016-01-07 11:01:39','izabella.langosh'),('075f9657-b52e-11e5-b52e-0242ac110002','075c1daa-b52e-11e5-b52e-0242ac110002','In magnam iure optio et aut nam aspernatur.',0,10,'2015-03-07 09:05:30','2016-01-07 11:01:39','benny19'),('075f9c4c-b52e-11e5-b52e-0242ac110002','075c1301-b52e-11e5-b52e-0242ac110002','Voluptas aliquid et est totam maiores.',0,7,'2015-06-20 07:11:45','2016-01-07 11:01:39','gayle30'),('075fa248-b52e-11e5-b52e-0242ac110002','075c1daa-b52e-11e5-b52e-0242ac110002','Earum magnam incidunt modi perferendis ea et non.',0,10,'2015-12-11 02:04:36','2016-01-07 11:01:39','herman.renee'),('075fa849-b52e-11e5-b52e-0242ac110002','075a2552-b52e-11e5-b52e-0242ac110002','Et porro eveniet sequi voluptatem quos.',0,5,'2015-08-11 04:27:28','2016-01-07 11:01:39','satterfield.chloe'),('075fae4b-b52e-11e5-b52e-0242ac110002','075c2859-b52e-11e5-b52e-0242ac110002','Eos ipsum et dolor provident modi nihil.',0,4,'2015-05-11 17:54:59','2016-01-07 11:01:39','mertie.mosciski'),('075fb5bb-b52e-11e5-b52e-0242ac110002','075a9976-b52e-11e5-b52e-0242ac110002','Laborum enim qui voluptas earum harum.',0,0,'2015-08-25 22:30:51','2016-01-07 11:01:39','qshanahan'),('075fc089-b52e-11e5-b52e-0242ac110002','075a4668-b52e-11e5-b52e-0242ac110002','Molestiae sed commodi officia itaque.',0,5,'2015-12-16 02:01:27','2016-01-07 11:01:39','alexie.collins'),('075fc835-b52e-11e5-b52e-0242ac110002','075c1853-b52e-11e5-b52e-0242ac110002','Quas ipsam eius magni animi totam.',0,8,'2015-04-16 23:10:37','2016-01-07 11:01:39','elmore.ullrich'),('075fce2a-b52e-11e5-b52e-0242ac110002','075aefcf-b52e-11e5-b52e-0242ac110002','Odio officiis perferendis sit omnis.',0,5,'2015-01-28 16:42:59','2016-01-07 11:01:39','jeffry38'),('075fd45f-b52e-11e5-b52e-0242ac110002','075bccd9-b52e-11e5-b52e-0242ac110002','Corporis nulla repellat delectus qui saepe.',0,1,'2015-05-03 05:49:01','2016-01-07 11:01:39','rohan.ayana'),('075fda57-b52e-11e5-b52e-0242ac110002','075bd786-b52e-11e5-b52e-0242ac110002','Deserunt sit vitae eligendi omnis ex tempore aut et.',0,9,'2015-12-16 14:00:42','2016-01-07 11:01:39','moises.quitzon'),('075fe058-b52e-11e5-b52e-0242ac110002','075c1853-b52e-11e5-b52e-0242ac110002','Iure nisi nihil doloremque inventore qui.',0,5,'2015-07-13 14:09:25','2016-01-07 11:01:39','dustin.huels'),('075fe65c-b52e-11e5-b52e-0242ac110002','075ab997-b52e-11e5-b52e-0242ac110002','Quibusdam voluptas distinctio dignissimos.',0,10,'2015-02-24 15:44:03','2016-01-07 11:01:39','murray.towne'),('075fec62-b52e-11e5-b52e-0242ac110002','075a9418-b52e-11e5-b52e-0242ac110002','Hic odio ex minus voluptatum.',0,10,'2015-06-30 14:56:11','2016-01-07 11:01:39','gutkowski.cleo'),('075ff239-b52e-11e5-b52e-0242ac110002','075c0da8-b52e-11e5-b52e-0242ac110002','Quas repellendus explicabo reiciendis quia.',0,4,'2015-10-21 19:58:40','2016-01-07 11:01:39','una45'),('075ff80f-b52e-11e5-b52e-0242ac110002','075c0da8-b52e-11e5-b52e-0242ac110002','Et adipisci at dolore et ullam commodi.',0,4,'2015-11-23 07:31:38','2016-01-07 11:01:39','lue13'),('075ffdf7-b52e-11e5-b52e-0242ac110002','075bb73f-b52e-11e5-b52e-0242ac110002','Sint corrupti et quas eum ut.',0,2,'2015-04-06 20:01:25','2016-01-07 11:01:39','jewel.abernathy'),('0760036e-b52e-11e5-b52e-0242ac110002','075b9b7d-b52e-11e5-b52e-0242ac110002','Repellendus nihil cumque est non velit sapiente.',0,5,'2015-04-06 20:20:58','2016-01-07 11:01:39','dbalistreri'),('076008d2-b52e-11e5-b52e-0242ac110002','075aaee7-b52e-11e5-b52e-0242ac110002','Non debitis occaecati pariatur iure.',0,8,'2015-07-30 14:36:04','2016-01-07 11:01:39','streich.nathen'),('07600e45-b52e-11e5-b52e-0242ac110002','075c1301-b52e-11e5-b52e-0242ac110002','Praesentium rerum quas error vero.',0,3,'2015-12-05 19:29:47','2016-01-07 11:01:39','zlind'),('0760176e-b52e-11e5-b52e-0242ac110002','075a8965-b52e-11e5-b52e-0242ac110002','Doloremque in odio sed.',0,1,'2015-06-29 19:48:48','2016-01-07 11:01:39','hayley74'),('07601d15-b52e-11e5-b52e-0242ac110002','075b95a9-b52e-11e5-b52e-0242ac110002','Velit consequatur hic accusantium distinctio.',0,4,'2015-11-04 11:58:39','2016-01-07 11:01:39','pearl.stiedemann'),('0760228c-b52e-11e5-b52e-0242ac110002','075a52e2-b52e-11e5-b52e-0242ac110002','Necessitatibus tempore asperiores odio consequuntur.',0,8,'2015-01-19 21:21:43','2016-01-07 11:01:39','enos.satterfield'),('076027f5-b52e-11e5-b52e-0242ac110002','075b606b-b52e-11e5-b52e-0242ac110002','Ea et porro qui quo perspiciatis repellendus vitae reprehenderit.',0,1,'2015-07-13 10:10:22','2016-01-07 11:01:39','pauer'),('07602d98-b52e-11e5-b52e-0242ac110002','075b606b-b52e-11e5-b52e-0242ac110002','Laudantium sed neque officia.',0,7,'2016-01-06 00:37:54','2016-01-07 11:01:39','kamron91'),('07603301-b52e-11e5-b52e-0242ac110002','075a046b-b52e-11e5-b52e-0242ac110002','Adipisci fuga aspernatur distinctio quos.',0,2,'2015-11-01 22:24:55','2016-01-07 11:01:39','ines.miller'),('07603866-b52e-11e5-b52e-0242ac110002','075a4668-b52e-11e5-b52e-0242ac110002','Est sequi inventore vitae eaque sit provident repudiandae atque.',0,-1,'2015-07-02 10:08:31','2016-01-07 11:01:39','winona51'),('07603dc2-b52e-11e5-b52e-0242ac110002','075bf257-b52e-11e5-b52e-0242ac110002','Exercitationem impedit qui a consequatur.',0,6,'2015-06-24 02:19:31','2016-01-07 11:01:39','tromp.bradford'),('07604327-b52e-11e5-b52e-0242ac110002','075a8ec0-b52e-11e5-b52e-0242ac110002','Aspernatur tenetur rerum harum sequi.',0,6,'2015-04-07 22:10:20','2016-01-07 11:01:39','caitlyn.quigley'),('07604883-b52e-11e5-b52e-0242ac110002','075a1e30-b52e-11e5-b52e-0242ac110002','Quae iste reprehenderit corrupti consequatur aut.',0,3,'2015-10-19 09:49:12','2016-01-07 11:01:39','paige67'),('07604dd9-b52e-11e5-b52e-0242ac110002','075a2552-b52e-11e5-b52e-0242ac110002','Necessitatibus natus ea qui est ad voluptatem.',0,1,'2015-03-04 10:32:10','2016-01-07 11:01:39','marcia.bayer'),('0760532b-b52e-11e5-b52e-0242ac110002','075b256b-b52e-11e5-b52e-0242ac110002','Sapiente rerum sed ea autem voluptas aperiam saepe.',0,6,'2015-08-20 22:20:49','2016-01-07 11:01:39','beier.harry'),('0760588e-b52e-11e5-b52e-0242ac110002','075b0a9b-b52e-11e5-b52e-0242ac110002','Expedita sed at mollitia sed laboriosam assumenda.',0,6,'2015-09-25 12:01:41','2016-01-07 11:01:39','lindgren.flossie'),('07605dea-b52e-11e5-b52e-0242ac110002','075b1aa1-b52e-11e5-b52e-0242ac110002','Tempore aperiam sit aut et odit non et.',0,6,'2015-08-19 13:56:55','2016-01-07 11:01:39','ona.murazik'),('07606346-b52e-11e5-b52e-0242ac110002','075a2c48-b52e-11e5-b52e-0242ac110002','Iusto quas earum ut explicabo ut voluptas incidunt eos.',0,1,'2015-05-04 19:15:28','2016-01-07 11:01:39','bogan.dario'),('07606899-b52e-11e5-b52e-0242ac110002','075bc775-b52e-11e5-b52e-0242ac110002','At qui quis excepturi soluta error.',0,1,'2015-03-29 11:16:00','2016-01-07 11:01:39','maxime66'),('07606dee-b52e-11e5-b52e-0242ac110002','075be7a1-b52e-11e5-b52e-0242ac110002','Omnis iure possimus quia quod.',0,9,'2015-11-14 23:16:17','2016-01-07 11:01:39','lizzie.hahn'),('0760734b-b52e-11e5-b52e-0242ac110002','075b2007-b52e-11e5-b52e-0242ac110002','Ab tempora est officia sapiente eos.',0,4,'2015-05-08 12:56:03','2016-01-07 11:01:39','zstrosin'),('076078a6-b52e-11e5-b52e-0242ac110002','075c1853-b52e-11e5-b52e-0242ac110002','Velit adipisci consequuntur fuga id.',0,-1,'2015-06-21 20:39:16','2016-01-07 11:01:39','vergie97'),('07607dfc-b52e-11e5-b52e-0242ac110002','075a1e30-b52e-11e5-b52e-0242ac110002','Mollitia autem ratione quod ex possimus dolorem.',0,3,'2015-04-21 19:53:15','2016-01-07 11:01:39','verlie20'),('07608359-b52e-11e5-b52e-0242ac110002','075a7932-b52e-11e5-b52e-0242ac110002','Error rerum autem repudiandae earum.',0,7,'2015-06-27 12:08:43','2016-01-07 11:01:39','melvina.senger'),('076088b4-b52e-11e5-b52e-0242ac110002','075ae9cb-b52e-11e5-b52e-0242ac110002','Dolorum sunt dolores illum nulla rerum eaque qui consectetur.',0,9,'2015-07-28 14:24:33','2016-01-07 11:01:39','daniel.carroll'),('07608e05-b52e-11e5-b52e-0242ac110002','075a1e30-b52e-11e5-b52e-0242ac110002','Quasi quis voluptatem eum rerum quasi excepturi.',0,2,'2015-09-18 10:41:21','2016-01-07 11:01:39','rubye30'),('07609358-b52e-11e5-b52e-0242ac110002','075b6b17-b52e-11e5-b52e-0242ac110002','Voluptatem quod est aliquid aut est.',0,8,'2015-02-04 21:16:33','2016-01-07 11:01:39','jenkins.franz'),('076098aa-b52e-11e5-b52e-0242ac110002','075b8f76-b52e-11e5-b52e-0242ac110002','Tenetur doloremque quae magni et.',0,10,'2015-09-26 14:11:52','2016-01-07 11:01:39','hoyt.rogahn'),('07609e00-b52e-11e5-b52e-0242ac110002','075a4d62-b52e-11e5-b52e-0242ac110002','Sint consequatur reiciendis omnis qui omnis aut aut.',0,-2,'2015-10-24 19:23:37','2016-01-07 11:01:39','susana95'),('0760a35b-b52e-11e5-b52e-0242ac110002','075b65c1-b52e-11e5-b52e-0242ac110002','Itaque voluptate similique dolorum modi qui.',0,-2,'2015-11-17 09:09:30','2016-01-07 11:01:39','lkoch'),('0760a8aa-b52e-11e5-b52e-0242ac110002','075a404d-b52e-11e5-b52e-0242ac110002','Sit veniam nostrum perferendis.',0,4,'2015-03-25 16:20:34','2016-01-07 11:01:39','ilind'),('0760ae07-b52e-11e5-b52e-0242ac110002','075bc775-b52e-11e5-b52e-0242ac110002','Veniam maxime velit facilis excepturi neque odit ratione.',0,6,'2015-03-17 07:04:38','2016-01-07 11:01:39','lreichert'),('0760b35c-b52e-11e5-b52e-0242ac110002','075b95a9-b52e-11e5-b52e-0242ac110002','Vel minima quia nulla quae tempore velit.',0,10,'2015-12-12 11:39:47','2016-01-07 11:01:39','erath'),('0760b8ba-b52e-11e5-b52e-0242ac110002','075c3dab-b52e-11e5-b52e-0242ac110002','Ducimus distinctio explicabo et qui.',0,2,'2015-09-03 20:21:23','2016-01-07 11:01:39','mosciski.manuel'),('0760be0e-b52e-11e5-b52e-0242ac110002','075a6df3-b52e-11e5-b52e-0242ac110002','Consectetur quam sint debitis vero natus.',0,6,'2015-05-11 11:19:51','2016-01-07 11:01:39','mframi'),('0760c364-b52e-11e5-b52e-0242ac110002','075b65c1-b52e-11e5-b52e-0242ac110002','Illo quod vero sint ea.',0,10,'2015-11-13 18:40:05','2016-01-07 11:01:39','kennedi59'),('0760c8bc-b52e-11e5-b52e-0242ac110002','075b75c2-b52e-11e5-b52e-0242ac110002','Dolore dolore repellendus deserunt in voluptatem.',0,9,'2015-08-11 20:11:40','2016-01-07 11:01:39','camilla.hauck'),('0760ce13-b52e-11e5-b52e-0242ac110002','075b706c-b52e-11e5-b52e-0242ac110002','Unde quis ex molestiae blanditiis.',0,2,'2015-09-29 02:10:26','2016-01-07 11:01:39','monique.corkery'),('0760d367-b52e-11e5-b52e-0242ac110002','075bd786-b52e-11e5-b52e-0242ac110002','Consequatur quo asperiores velit at dolorem error non.',0,9,'2015-05-11 04:40:28','2016-01-07 11:01:39','yfay'),('0760d8ba-b52e-11e5-b52e-0242ac110002','075c1853-b52e-11e5-b52e-0242ac110002','Veritatis earum fuga temporibus molestiae maxime praesentium vel.',0,8,'2015-04-18 20:27:35','2016-01-07 11:01:39','florida.zieme'),('0760de0e-b52e-11e5-b52e-0242ac110002','075a52e2-b52e-11e5-b52e-0242ac110002','Magnam magnam nihil ea officia.',0,3,'2015-03-02 12:21:55','2016-01-07 11:01:39','bernice08'),('0760e35d-b52e-11e5-b52e-0242ac110002','075bccd9-b52e-11e5-b52e-0242ac110002','Minima earum laborum voluptas voluptates quam consectetur accusantium.',0,3,'2015-10-29 18:13:17','2016-01-07 11:01:39','savanah90'),('0760e8b3-b52e-11e5-b52e-0242ac110002','075b504b-b52e-11e5-b52e-0242ac110002','Cupiditate est maxime laudantium fuga et.',0,2,'2015-02-13 19:51:05','2016-01-07 11:01:39','emmerich.gianni'),('0760ee00-b52e-11e5-b52e-0242ac110002','075b877b-b52e-11e5-b52e-0242ac110002','Iste velit dolor consectetur doloremque quod et.',0,8,'2015-07-01 02:42:17','2016-01-07 11:01:39','reilly.estelle'),('0760f34d-b52e-11e5-b52e-0242ac110002','075aa97f-b52e-11e5-b52e-0242ac110002','Est repudiandae sint eos.',0,8,'2015-01-20 07:34:33','2016-01-07 11:01:39','robert.shields'),('0760f8a0-b52e-11e5-b52e-0242ac110002','075b95a9-b52e-11e5-b52e-0242ac110002','Aliquid doloremque vel sit cupiditate itaque totam pariatur commodi.',0,2,'2015-02-08 04:41:15','2016-01-07 11:01:39','eldred.durgan'),('0760fdf8-b52e-11e5-b52e-0242ac110002','075b5b0b-b52e-11e5-b52e-0242ac110002','Est quod eum quo fugiat harum sapiente repellat.',0,5,'2015-11-09 02:05:29','2016-01-07 11:01:39','rking'),('07610349-b52e-11e5-b52e-0242ac110002','075c3853-b52e-11e5-b52e-0242ac110002','Provident molestias aut aspernatur voluptatem et.',0,9,'2015-08-22 09:18:52','2016-01-07 11:01:39','hoyt.orn'),('07610892-b52e-11e5-b52e-0242ac110002','075bfd0d-b52e-11e5-b52e-0242ac110002','Ea alias dolorem non quisquam at.',0,10,'2015-12-18 16:32:05','2016-01-07 11:01:39','ikulas'),('07610e3f-b52e-11e5-b52e-0242ac110002','075bac59-b52e-11e5-b52e-0242ac110002','Eos dolorem itaque voluptate vero sit eaque tenetur.',0,4,'2015-09-20 14:08:59','2016-01-07 11:01:39','kris.harold'),('076113a4-b52e-11e5-b52e-0242ac110002','075a1655-b52e-11e5-b52e-0242ac110002','Quisquam quae maxime distinctio quo voluptates odio ipsam porro.',0,-1,'2015-02-14 11:58:30','2016-01-07 11:01:39','yoreilly'),('076118f3-b52e-11e5-b52e-0242ac110002','075c0841-b52e-11e5-b52e-0242ac110002','Deserunt adipisci id architecto numquam.',0,-2,'2015-03-20 02:23:30','2016-01-07 11:01:39','elena.mcglynn'),('07611e4b-b52e-11e5-b52e-0242ac110002','075b0549-b52e-11e5-b52e-0242ac110002','Quia repudiandae numquam quas ratione iste deleniti.',0,8,'2015-06-20 06:19:51','2016-01-07 11:01:39','fritsch.makenna'),('076123a0-b52e-11e5-b52e-0242ac110002','075bc216-b52e-11e5-b52e-0242ac110002','Voluptas dicta sunt omnis eos.',0,10,'2015-09-04 18:06:36','2016-01-07 11:01:39','jfeeney'),('076128f8-b52e-11e5-b52e-0242ac110002','075ac9b6-b52e-11e5-b52e-0242ac110002','Qui aut sint veritatis.',0,5,'2015-01-26 10:27:11','2016-01-07 11:01:39','virginie34'),('07612e55-b52e-11e5-b52e-0242ac110002','075b75c2-b52e-11e5-b52e-0242ac110002','Dignissimos in similique in facilis.',0,5,'2015-10-22 21:05:05','2016-01-07 11:01:39','khermann'),('076133af-b52e-11e5-b52e-0242ac110002','075b3028-b52e-11e5-b52e-0242ac110002','Molestias quisquam atque harum veniam ut explicabo.',0,-1,'2015-04-25 12:00:44','2016-01-07 11:01:39','eraynor'),('0761390c-b52e-11e5-b52e-0242ac110002','075be7a1-b52e-11e5-b52e-0242ac110002','Nihil ut dolores est est.',0,6,'2015-04-07 17:07:10','2016-01-07 11:01:39','josiane48'),('07613f20-b52e-11e5-b52e-0242ac110002','075aa428-b52e-11e5-b52e-0242ac110002','Accusantium architecto et tempore.',0,5,'2015-03-22 14:14:49','2016-01-07 11:01:39','bertram31'),('076144eb-b52e-11e5-b52e-0242ac110002','075a8965-b52e-11e5-b52e-0242ac110002','Est eum explicabo et quis eos iusto.',0,6,'2015-07-07 06:21:13','2016-01-07 11:01:39','gerhold.talon'),('07614a44-b52e-11e5-b52e-0242ac110002','075b0549-b52e-11e5-b52e-0242ac110002','Quia maxime veritatis minima non illum dolorem.',0,6,'2015-01-14 20:47:03','2016-01-07 11:01:39','elisha.cartwright'),('07614f97-b52e-11e5-b52e-0242ac110002','075bccd9-b52e-11e5-b52e-0242ac110002','Quo non vel facilis itaque accusamus enim.',0,-1,'2015-02-21 20:17:15','2016-01-07 11:01:39','sipes.daphne'),('076154ed-b52e-11e5-b52e-0242ac110002','075afff4-b52e-11e5-b52e-0242ac110002','Voluptatem eos excepturi ullam et vitae voluptatum.',0,8,'2015-09-08 14:23:31','2016-01-07 11:01:39','vada14'),('07615a52-b52e-11e5-b52e-0242ac110002','075ab443-b52e-11e5-b52e-0242ac110002','Quo tempora cumque eos alias nihil porro.',0,4,'2015-06-27 18:08:49','2016-01-07 11:01:39','jade63'),('07615fa5-b52e-11e5-b52e-0242ac110002','075b256b-b52e-11e5-b52e-0242ac110002','Esse ipsum beatae eius aspernatur est commodi.',0,0,'2015-11-14 15:25:43','2016-01-07 11:01:39','feest.krista'),('076164fe-b52e-11e5-b52e-0242ac110002','075ad9ca-b52e-11e5-b52e-0242ac110002','Accusantium aperiam consequatur sequi rem.',0,10,'2015-05-30 14:31:48','2016-01-07 11:01:39','beer.quincy'),('07616a53-b52e-11e5-b52e-0242ac110002','075bccd9-b52e-11e5-b52e-0242ac110002','Nulla eos quos laboriosam similique ipsam earum vitae qui.',0,0,'2015-12-24 00:31:28','2016-01-07 11:01:39','stiedemann.brendan'),('07616fa1-b52e-11e5-b52e-0242ac110002','075af549-b52e-11e5-b52e-0242ac110002','Voluptate animi reprehenderit voluptas quisquam temporibus aspernatur.',0,0,'2015-04-11 10:26:00','2016-01-07 11:01:39','grobel'),('07617500-b52e-11e5-b52e-0242ac110002','075aa97f-b52e-11e5-b52e-0242ac110002','Sed occaecati dignissimos tempore odio enim veniam eum.',0,1,'2015-08-09 04:28:23','2016-01-07 11:01:39','waino.bergnaum'),('07617a57-b52e-11e5-b52e-0242ac110002','075b4af4-b52e-11e5-b52e-0242ac110002','Voluptates sunt tempora voluptas accusantium alias reprehenderit veritatis.',0,-1,'2015-09-24 12:47:20','2016-01-07 11:01:39','quitzon.noemie'),('07617faf-b52e-11e5-b52e-0242ac110002','075b75c2-b52e-11e5-b52e-0242ac110002','Totam necessitatibus illum unde vitae quos.',0,10,'2015-11-22 17:55:42','2016-01-07 11:01:39','gschmidt'),('07618508-b52e-11e5-b52e-0242ac110002','075aefcf-b52e-11e5-b52e-0242ac110002','Odio quam ipsum eius sit.',0,8,'2015-08-26 16:39:28','2016-01-07 11:01:39','diana20'),('07618a60-b52e-11e5-b52e-0242ac110002','075b0ffb-b52e-11e5-b52e-0242ac110002','Aut illo voluptatem et aut.',0,3,'2015-10-18 11:54:45','2016-01-07 11:01:39','cschiller'),('07618fb6-b52e-11e5-b52e-0242ac110002','075a404d-b52e-11e5-b52e-0242ac110002','Provident rerum eum sint eos minima.',0,1,'2015-12-09 11:31:24','2016-01-07 11:01:39','kbailey'),('07619503-b52e-11e5-b52e-0242ac110002','075a9418-b52e-11e5-b52e-0242ac110002','Ex id qui assumenda occaecati.',0,1,'2015-10-22 14:38:24','2016-01-07 11:01:39','vaughn.batz'),('07619e16-b52e-11e5-b52e-0242ac110002','075bac59-b52e-11e5-b52e-0242ac110002','Inventore non labore quam nihil in.',0,5,'2015-12-31 15:59:21','2016-01-07 11:01:39','flossie76'),('0761a96b-b52e-11e5-b52e-0242ac110002','075ae9cb-b52e-11e5-b52e-0242ac110002','Sit ratione beatae et quis mollitia et facere.',0,-1,'2015-11-06 10:29:52','2016-01-07 11:01:39','norval52'),('0761b0c5-b52e-11e5-b52e-0242ac110002','075afa9b-b52e-11e5-b52e-0242ac110002','Ea vel ipsa et veniam non doloremque.',0,4,'2015-05-28 06:23:45','2016-01-07 11:01:39','rebeka.hills'),('0761b6e3-b52e-11e5-b52e-0242ac110002','075c3853-b52e-11e5-b52e-0242ac110002','Voluptas eos quia deleniti voluptas illum.',0,-1,'2015-04-11 22:20:11','2016-01-07 11:01:39','kris.noemy'),('0761bcb6-b52e-11e5-b52e-0242ac110002','075b0a9b-b52e-11e5-b52e-0242ac110002','Doloremque dolorem quae omnis officia voluptatem vitae.',0,-1,'2015-09-15 01:33:36','2016-01-07 11:01:39','name81'),('0761c256-b52e-11e5-b52e-0242ac110002','075a688a-b52e-11e5-b52e-0242ac110002','Exercitationem odit quidem corrupti qui magni ex eum et.',0,8,'2015-03-19 00:40:07','2016-01-07 11:01:39','amedhurst'),('0761c7ec-b52e-11e5-b52e-0242ac110002','075a688a-b52e-11e5-b52e-0242ac110002','Velit sit nihil hic excepturi ullam ut nostrum sapiente.',0,8,'2015-11-06 15:23:34','2016-01-07 11:01:39','hayden.lind'),('0761cdf4-b52e-11e5-b52e-0242ac110002','075adf25-b52e-11e5-b52e-0242ac110002','Excepturi maxime quia sint doloremque quisquam aut voluptas.',0,3,'2015-08-06 23:04:41','2016-01-07 11:01:39','erdman.elva'),('0761d3a0-b52e-11e5-b52e-0242ac110002','075ab443-b52e-11e5-b52e-0242ac110002','Quia ipsa occaecati quod eius dolorum itaque.',0,-1,'2015-05-09 08:48:00','2016-01-07 11:01:39','friesen.jaydon'),('0761d957-b52e-11e5-b52e-0242ac110002','075a8ec0-b52e-11e5-b52e-0242ac110002','At iste laboriosam voluptas.',0,7,'2015-02-14 05:43:03','2016-01-07 11:01:39','toney.miller'),('0761df02-b52e-11e5-b52e-0242ac110002','075bccd9-b52e-11e5-b52e-0242ac110002','Sed ut expedita numquam dolorem quidem ullam.',0,2,'2015-02-02 18:56:19','2016-01-07 11:01:39','kkohler'),('0761e4aa-b52e-11e5-b52e-0242ac110002','075bb1cd-b52e-11e5-b52e-0242ac110002','Nobis laboriosam quae voluptatem.',0,1,'2015-12-16 08:45:19','2016-01-07 11:01:39','garry59'),('0761ea4d-b52e-11e5-b52e-0242ac110002','075ae477-b52e-11e5-b52e-0242ac110002','Voluptatem culpa totam porro consequatur.',0,10,'2015-07-12 02:15:41','2016-01-07 11:01:39','vebert'),('0761efe2-b52e-11e5-b52e-0242ac110002','075b877b-b52e-11e5-b52e-0242ac110002','Commodi dolor quos repellat.',0,4,'2015-06-06 09:52:27','2016-01-07 11:01:39','beverly61'),('0761f5ad-b52e-11e5-b52e-0242ac110002','075b504b-b52e-11e5-b52e-0242ac110002','Repudiandae tempora quasi occaecati aut fugit dolor dicta.',0,3,'2015-03-08 14:09:30','2016-01-07 11:01:39','evelyn74'),('0761fb0e-b52e-11e5-b52e-0242ac110002','075b6b17-b52e-11e5-b52e-0242ac110002','Delectus itaque aut qui illum.',0,10,'2015-12-20 05:54:14','2016-01-07 11:01:39','prunte'),('0762006d-b52e-11e5-b52e-0242ac110002','075c3853-b52e-11e5-b52e-0242ac110002','Voluptatem tempore nostrum fugiat recusandae.',0,5,'2016-01-03 13:21:28','2016-01-07 11:01:39','vstehr'),('076205d0-b52e-11e5-b52e-0242ac110002','075a6df3-b52e-11e5-b52e-0242ac110002','Animi quibusdam expedita sed porro repudiandae.',0,8,'2015-12-29 17:51:52','2016-01-07 11:01:39','bdicki'),('07620b2e-b52e-11e5-b52e-0242ac110002','075a1655-b52e-11e5-b52e-0242ac110002','Sit et nesciunt et aut.',0,10,'2015-06-07 17:45:14','2016-01-07 11:01:39','pgulgowski'),('0762108c-b52e-11e5-b52e-0242ac110002','075ad478-b52e-11e5-b52e-0242ac110002','Molestiae in tempora pariatur est aliquid quas aut.',0,-1,'2015-09-20 21:12:43','2016-01-07 11:01:39','kenny03'),('076215e8-b52e-11e5-b52e-0242ac110002','075b8f76-b52e-11e5-b52e-0242ac110002','Repudiandae ea maiores est quae doloribus incidunt.',0,8,'2015-09-26 23:53:58','2016-01-07 11:01:39','ross.leffler'),('07621b3d-b52e-11e5-b52e-0242ac110002','075afff4-b52e-11e5-b52e-0242ac110002','Distinctio officiis fuga quia in dolores tempora.',0,1,'2015-04-30 03:40:56','2016-01-07 11:01:39','hhintz'),('07622093-b52e-11e5-b52e-0242ac110002','075bccd9-b52e-11e5-b52e-0242ac110002','Alias dicta repudiandae nihil repellat officia velit consequuntur.',0,1,'2015-02-08 10:48:56','2016-01-07 11:01:39','crona.alia'),('076225f4-b52e-11e5-b52e-0242ac110002','075a2c48-b52e-11e5-b52e-0242ac110002','Veritatis illum enim nisi.',0,5,'2015-05-16 09:51:08','2016-01-07 11:01:39','cyril.parisian'),('07622b56-b52e-11e5-b52e-0242ac110002','075b154d-b52e-11e5-b52e-0242ac110002','Qui voluptatibus aliquam nam sit doloremque omnis nesciunt.',0,5,'2015-01-18 20:13:41','2016-01-07 11:01:39','connor.rogahn');
/*!40000 ALTER TABLE `post` ENABLE KEYS */;
UNLOCK TABLES;

--
-- Table structure for table `post_rating`
--

DROP TABLE IF EXISTS `post_rating`;
/*!40101 SET @saved_cs_client     = @@character_set_client */;
/*!40101 SET character_set_client = utf8 */;
CREATE TABLE `post_rating` (
  `id` char(36) COLLATE utf8_unicode_ci NOT NULL COMMENT '(DC2Type:guid)',
  `post_id` char(36) COLLATE utf8_unicode_ci DEFAULT NULL COMMENT '(DC2Type:guid)',
  `score` int(11) NOT NULL,
  `created_at` datetime NOT NULL,
  `updated_at` datetime DEFAULT NULL,
  `user_id` varchar(32) COLLATE utf8_unicode_ci NOT NULL,
  PRIMARY KEY (`id`),
  KEY `IDX_E8ABC2474B89032C` (`post_id`),
  CONSTRAINT `FK_E8ABC2474B89032C` FOREIGN KEY (`post_id`) REFERENCES `post` (`id`) ON DELETE CASCADE
) ENGINE=InnoDB DEFAULT CHARSET=utf8 COLLATE=utf8_unicode_ci;
/*!40101 SET character_set_client = @saved_cs_client */;

--
-- Dumping data for table `post_rating`
--

LOCK TABLES `post_rating` WRITE;
/*!40000 ALTER TABLE `post_rating` DISABLE KEYS */;
INSERT INTO `post_rating` VALUES ('0765709e-b52e-11e5-b52e-0242ac110002','075cee91-b52e-11e5-b52e-0242ac110002',-1,'2015-12-16 06:55:47','2016-01-07 11:01:39','cdoyle'),('07657793-b52e-11e5-b52e-0242ac110002','075cc908-b52e-11e5-b52e-0242ac110002',1,'2015-06-24 19:37:11','2016-01-07 11:01:39','dickens.ophelia'),('07657e26-b52e-11e5-b52e-0242ac110002','0760c364-b52e-11e5-b52e-0242ac110002',1,'2015-04-07 03:34:55','2016-01-07 11:01:39','oconnell.rosalind'),('07658396-b52e-11e5-b52e-0242ac110002','07610892-b52e-11e5-b52e-0242ac110002',-1,'2015-04-19 05:39:56','2016-01-07 11:01:39','otho37'),('07658908-b52e-11e5-b52e-0242ac110002','075ea056-b52e-11e5-b52e-0242ac110002',-1,'2015-08-04 11:21:37','2016-01-07 11:01:39','predovic.abraham'),('07658e6e-b52e-11e5-b52e-0242ac110002','076128f8-b52e-11e5-b52e-0242ac110002',1,'2015-01-26 10:49:35','2016-01-07 11:01:39','thansen'),('0765956c-b52e-11e5-b52e-0242ac110002','075e4481-b52e-11e5-b52e-0242ac110002',-1,'2015-07-29 14:12:54','2016-01-07 11:01:39','zswaniawski'),('07659afa-b52e-11e5-b52e-0242ac110002','075c8e07-b52e-11e5-b52e-0242ac110002',-1,'2015-04-13 09:50:49','2016-01-07 11:01:39','ryan.devon'),('0765a082-b52e-11e5-b52e-0242ac110002','075d109d-b52e-11e5-b52e-0242ac110002',-1,'2015-09-21 21:16:20','2016-01-07 11:01:39','raphaelle72'),('0765a5e6-b52e-11e5-b52e-0242ac110002','075cf936-b52e-11e5-b52e-0242ac110002',1,'2015-04-27 05:35:37','2016-01-07 11:01:39','thomas.treutel'),('0765ab56-b52e-11e5-b52e-0242ac110002','075c6dde-b52e-11e5-b52e-0242ac110002',-1,'2015-04-20 20:05:34','2016-01-07 11:01:39','vwiegand'),('0765b716-b52e-11e5-b52e-0242ac110002','075f8a6a-b52e-11e5-b52e-0242ac110002',1,'2015-09-22 12:19:28','2016-01-07 11:01:39','cortez.strosin'),('0765bcb7-b52e-11e5-b52e-0242ac110002','075d109d-b52e-11e5-b52e-0242ac110002',-1,'2015-02-02 06:23:14','2016-01-07 11:01:39','schamberger.roosevelt'),('0765c294-b52e-11e5-b52e-0242ac110002','075f4e62-b52e-11e5-b52e-0242ac110002',-1,'2015-05-11 22:43:37','2016-01-07 11:01:39','vrunolfsdottir'),('0765c7fa-b52e-11e5-b52e-0242ac110002','075d30c1-b52e-11e5-b52e-0242ac110002',1,'2015-10-04 21:15:04','2016-01-07 11:01:39','kaleigh73'),('0765cd59-b52e-11e5-b52e-0242ac110002','075d30c1-b52e-11e5-b52e-0242ac110002',1,'2015-10-19 22:05:45','2016-01-07 11:01:39','lawrence.strosin'),('0765d2bd-b52e-11e5-b52e-0242ac110002','07619e16-b52e-11e5-b52e-0242ac110002',-1,'2015-08-20 14:29:32','2016-01-07 11:01:39','domenico73'),('0765d820-b52e-11e5-b52e-0242ac110002','075cf3e5-b52e-11e5-b52e-0242ac110002',-1,'2015-01-25 02:59:12','2016-01-07 11:01:39','dare.blaze'),('0765dd7b-b52e-11e5-b52e-0242ac110002','075e5157-b52e-11e5-b52e-0242ac110002',1,'2015-07-09 04:00:17','2016-01-07 11:01:39','viviane84'),('0765e440-b52e-11e5-b52e-0242ac110002','0760b8ba-b52e-11e5-b52e-0242ac110002',1,'2015-06-10 08:53:31','2016-01-07 11:01:39','layla.hahn'),('0765ee40-b52e-11e5-b52e-0242ac110002','07608e05-b52e-11e5-b52e-0242ac110002',-1,'2015-03-17 19:43:07','2016-01-07 11:01:39','colt88'),('0765f5cb-b52e-11e5-b52e-0242ac110002','075ee771-b52e-11e5-b52e-0242ac110002',1,'2015-03-24 05:20:01','2016-01-07 11:01:39','tremblay.stan'),('07660155-b52e-11e5-b52e-0242ac110002','075daa43-b52e-11e5-b52e-0242ac110002',-1,'2015-08-30 07:58:00','2016-01-07 11:01:39','daniel.verona'),('07660b40-b52e-11e5-b52e-0242ac110002','075f9c4c-b52e-11e5-b52e-0242ac110002',-1,'2015-08-01 03:22:46','2016-01-07 11:01:39','jkshlerin'),('076616fd-b52e-11e5-b52e-0242ac110002','0761b6e3-b52e-11e5-b52e-0242ac110002',1,'2015-08-13 23:22:52','2016-01-07 11:01:39','francesca.maggio'),('07662102-b52e-11e5-b52e-0242ac110002','075db49d-b52e-11e5-b52e-0242ac110002',1,'2015-08-02 19:03:59','2016-01-07 11:01:39','reilly.aleen'),('07662c49-b52e-11e5-b52e-0242ac110002','0761efe2-b52e-11e5-b52e-0242ac110002',1,'2015-07-15 15:56:10','2016-01-07 11:01:39','wunsch.sandy'),('076637f6-b52e-11e5-b52e-0242ac110002','075f6634-b52e-11e5-b52e-0242ac110002',1,'2015-07-26 07:13:57','2016-01-07 11:01:39','maribel.rutherford'),('07664206-b52e-11e5-b52e-0242ac110002','0760f8a0-b52e-11e5-b52e-0242ac110002',1,'2015-10-20 20:03:13','2016-01-07 11:01:39','anderson.joy'),('07664a5c-b52e-11e5-b52e-0242ac110002','075cde82-b52e-11e5-b52e-0242ac110002',1,'2015-05-04 08:57:44','2016-01-07 11:01:39','hartmann.eldora'),('076652fb-b52e-11e5-b52e-0242ac110002','0760ee00-b52e-11e5-b52e-0242ac110002',-1,'2015-12-19 10:08:32','2016-01-07 11:01:39','evert.yundt'),('07665bd7-b52e-11e5-b52e-0242ac110002','075f1692-b52e-11e5-b52e-0242ac110002',-1,'2015-02-26 02:38:46','2016-01-07 11:01:39','rmonahan'),('07666454-b52e-11e5-b52e-0242ac110002','075f237b-b52e-11e5-b52e-0242ac110002',1,'2015-10-20 19:54:13','2016-01-07 11:01:39','xrath'),('07666c52-b52e-11e5-b52e-0242ac110002','075f6634-b52e-11e5-b52e-0242ac110002',-1,'2015-06-09 10:53:22','2016-01-07 11:01:39','icie84'),('076673f6-b52e-11e5-b52e-0242ac110002','075f720b-b52e-11e5-b52e-0242ac110002',-1,'2015-02-20 15:33:00','2016-01-07 11:01:39','jamison.moore'),('07667b77-b52e-11e5-b52e-0242ac110002','07612e55-b52e-11e5-b52e-0242ac110002',-1,'2015-07-28 02:07:11','2016-01-07 11:01:39','molly67'),('07668306-b52e-11e5-b52e-0242ac110002','075d6600-b52e-11e5-b52e-0242ac110002',1,'2015-08-13 01:05:21','2016-01-07 11:01:39','zachary.wilkinson'),('07668ba7-b52e-11e5-b52e-0242ac110002','075c4310-b52e-11e5-b52e-0242ac110002',-1,'2015-01-26 01:37:12','2016-01-07 11:01:39','terry.beth'),('076693ed-b52e-11e5-b52e-0242ac110002','075d75fc-b52e-11e5-b52e-0242ac110002',-1,'2015-05-13 09:54:07','2016-01-07 11:01:39','braun.harry'),('07669c60-b52e-11e5-b52e-0242ac110002','076113a4-b52e-11e5-b52e-0242ac110002',-1,'2015-02-26 21:40:35','2016-01-07 11:01:39','wolf.maya'),('0766a542-b52e-11e5-b52e-0242ac110002','075d45ff-b52e-11e5-b52e-0242ac110002',1,'2015-02-13 12:04:59','2016-01-07 11:01:39','keebler.ofelia'),('0766aebc-b52e-11e5-b52e-0242ac110002','075f7801-b52e-11e5-b52e-0242ac110002',1,'2015-10-03 17:19:21','2016-01-07 11:01:39','alexandro18'),('0766b4c2-b52e-11e5-b52e-0242ac110002','076118f3-b52e-11e5-b52e-0242ac110002',1,'2015-12-17 12:35:13','2016-01-07 11:01:39','armando.leuschke'),('0766ba6e-b52e-11e5-b52e-0242ac110002','07610e3f-b52e-11e5-b52e-0242ac110002',-1,'2015-06-21 21:43:31','2016-01-07 11:01:39','darrick20'),('0766bffb-b52e-11e5-b52e-0242ac110002','075eede9-b52e-11e5-b52e-0242ac110002',-1,'2015-06-12 19:33:42','2016-01-07 11:01:39','pouros.nico'),('0766c56e-b52e-11e5-b52e-0242ac110002','075f545a-b52e-11e5-b52e-0242ac110002',-1,'2015-11-09 11:50:02','2016-01-07 11:01:39','gideon35'),('0766cae0-b52e-11e5-b52e-0242ac110002','07604dd9-b52e-11e5-b52e-0242ac110002',-1,'2015-05-17 04:17:11','2016-01-07 11:01:39','pfeffer.wayne'),('0766d054-b52e-11e5-b52e-0242ac110002','075d6600-b52e-11e5-b52e-0242ac110002',-1,'2015-06-12 07:10:54','2016-01-07 11:01:39','ines80'),('0766d5b8-b52e-11e5-b52e-0242ac110002','075f6634-b52e-11e5-b52e-0242ac110002',-1,'2015-03-07 15:04:51','2016-01-07 11:01:39','frederick.gorczany'),('0766db13-b52e-11e5-b52e-0242ac110002','0760c364-b52e-11e5-b52e-0242ac110002',-1,'2015-07-06 05:13:56','2016-01-07 11:01:39','brianne.bogisich'),('0766e072-b52e-11e5-b52e-0242ac110002','075e2a96-b52e-11e5-b52e-0242ac110002',1,'2015-09-02 01:19:00','2016-01-07 11:01:39','laney.stokes'),('0766e5c9-b52e-11e5-b52e-0242ac110002','075cd3bc-b52e-11e5-b52e-0242ac110002',-1,'2015-08-03 00:00:55','2016-01-07 11:01:39','stephan44'),('0766eb30-b52e-11e5-b52e-0242ac110002','07605dea-b52e-11e5-b52e-0242ac110002',-1,'2015-05-19 06:43:32','2016-01-07 11:01:39','hessel.mackenzie'),('0766f08e-b52e-11e5-b52e-0242ac110002','075f4e62-b52e-11e5-b52e-0242ac110002',-1,'2015-09-07 03:34:37','2016-01-07 11:01:39','percival69'),('0766f5e9-b52e-11e5-b52e-0242ac110002','075c5330-b52e-11e5-b52e-0242ac110002',1,'2015-04-14 16:35:24','2016-01-07 11:01:39','aschmitt'),('0766fb3d-b52e-11e5-b52e-0242ac110002','0761b6e3-b52e-11e5-b52e-0242ac110002',-1,'2015-04-07 23:18:26','2016-01-07 11:01:39','elna.leuschke'),('07670092-b52e-11e5-b52e-0242ac110002','075d45ff-b52e-11e5-b52e-0242ac110002',-1,'2015-02-03 08:49:18','2016-01-07 11:01:39','brooks.runolfsson'),('076705e6-b52e-11e5-b52e-0242ac110002','0761390c-b52e-11e5-b52e-0242ac110002',-1,'2015-04-27 18:21:44','2016-01-07 11:01:39','green05'),('07670b4c-b52e-11e5-b52e-0242ac110002','075daa43-b52e-11e5-b52e-0242ac110002',-1,'2015-12-23 00:53:57','2016-01-07 11:01:39','white.joannie'),('076710a8-b52e-11e5-b52e-0242ac110002','07604dd9-b52e-11e5-b52e-0242ac110002',1,'2015-07-23 09:12:55','2016-01-07 11:01:39','bogisich.zakary'),('07671603-b52e-11e5-b52e-0242ac110002','07619e16-b52e-11e5-b52e-0242ac110002',-1,'2015-12-31 06:16:50','2016-01-07 11:01:39','fbeahan'),('07671b59-b52e-11e5-b52e-0242ac110002','075d75fc-b52e-11e5-b52e-0242ac110002',1,'2015-09-21 12:28:35','2016-01-07 11:01:39','maudie.dubuque'),('076720bf-b52e-11e5-b52e-0242ac110002','07604883-b52e-11e5-b52e-0242ac110002',-1,'2015-12-22 03:25:43','2016-01-07 11:01:39','halie10'),('07672626-b52e-11e5-b52e-0242ac110002','075d50a3-b52e-11e5-b52e-0242ac110002',1,'2015-04-03 21:10:44','2016-01-07 11:01:39','jakubowski.desmond'),('07672b78-b52e-11e5-b52e-0242ac110002','0761fb0e-b52e-11e5-b52e-0242ac110002',-1,'2015-05-13 15:14:56','2016-01-07 11:01:39','langosh.vickie'),('076730da-b52e-11e5-b52e-0242ac110002','075d6b55-b52e-11e5-b52e-0242ac110002',1,'2015-07-28 22:08:43','2016-01-07 11:01:39','lmayert'),('07673625-b52e-11e5-b52e-0242ac110002','0762006d-b52e-11e5-b52e-0242ac110002',-1,'2015-06-24 02:56:44','2016-01-07 11:01:39','jettie.ferry'),('07673c33-b52e-11e5-b52e-0242ac110002','075eba38-b52e-11e5-b52e-0242ac110002',-1,'2015-09-15 02:36:32','2016-01-07 11:01:39','mertz.antonina'),('07674197-b52e-11e5-b52e-0242ac110002','075d8799-b52e-11e5-b52e-0242ac110002',-1,'2015-10-29 19:38:51','2016-01-07 11:01:39','zhaag'),('076746f6-b52e-11e5-b52e-0242ac110002','075c935b-b52e-11e5-b52e-0242ac110002',-1,'2015-03-31 13:04:59','2016-01-07 11:01:39','swift.fay'),('07674c4c-b52e-11e5-b52e-0242ac110002','075e8500-b52e-11e5-b52e-0242ac110002',-1,'2015-02-27 14:30:28','2016-01-07 11:01:39','gottlieb.lindsey'),('076751a3-b52e-11e5-b52e-0242ac110002','07610349-b52e-11e5-b52e-0242ac110002',1,'2015-11-17 10:40:18','2016-01-07 11:01:39','lysanne55'),('076756fb-b52e-11e5-b52e-0242ac110002','075e99db-b52e-11e5-b52e-0242ac110002',-1,'2015-12-18 05:15:56','2016-01-07 11:01:39','arturo66'),('07675c56-b52e-11e5-b52e-0242ac110002','075cfe8c-b52e-11e5-b52e-0242ac110002',-1,'2015-08-19 02:30:39','2016-01-07 11:01:39','hblock'),('076761ae-b52e-11e5-b52e-0242ac110002','075ca8e5-b52e-11e5-b52e-0242ac110002',-1,'2015-11-08 04:14:05','2016-01-07 11:01:39','qschiller'),('07676703-b52e-11e5-b52e-0242ac110002','075fc089-b52e-11e5-b52e-0242ac110002',-1,'2015-05-06 16:13:30','2016-01-07 11:01:39','patrick.oberbrunner'),('07676c4c-b52e-11e5-b52e-0242ac110002','07611e4b-b52e-11e5-b52e-0242ac110002',1,'2015-01-19 19:26:48','2016-01-07 11:01:39','gschmeler'),('076771a2-b52e-11e5-b52e-0242ac110002','076088b4-b52e-11e5-b52e-0242ac110002',1,'2015-04-23 03:43:03','2016-01-07 11:01:39','helena.dach'),('076776fb-b52e-11e5-b52e-0242ac110002','0760e35d-b52e-11e5-b52e-0242ac110002',1,'2015-07-10 07:23:35','2016-01-07 11:01:39','legros.danielle'),('07677c5f-b52e-11e5-b52e-0242ac110002','075c4888-b52e-11e5-b52e-0242ac110002',-1,'2015-02-19 07:09:31','2016-01-07 11:01:39','hagenes.thomas'),('076781b7-b52e-11e5-b52e-0242ac110002','075e8cbb-b52e-11e5-b52e-0242ac110002',1,'2015-09-24 05:31:18','2016-01-07 11:01:39','ykris'),('07678706-b52e-11e5-b52e-0242ac110002','0761b6e3-b52e-11e5-b52e-0242ac110002',-1,'2015-12-26 01:02:47','2016-01-07 11:01:39','bogan.griffin'),('07678cdd-b52e-11e5-b52e-0242ac110002','075f427d-b52e-11e5-b52e-0242ac110002',1,'2015-11-12 18:17:15','2016-01-07 11:01:39','pfeffer.kari'),('07679238-b52e-11e5-b52e-0242ac110002','075f6037-b52e-11e5-b52e-0242ac110002',-1,'2015-02-05 06:46:12','2016-01-07 11:01:39','bennett33'),('07679790-b52e-11e5-b52e-0242ac110002','075c5882-b52e-11e5-b52e-0242ac110002',1,'2015-01-15 22:32:21','2016-01-07 11:01:39','keegan.maggio'),('07679cf0-b52e-11e5-b52e-0242ac110002','075f8a6a-b52e-11e5-b52e-0242ac110002',-1,'2015-09-23 05:58:31','2016-01-07 11:01:39','mikel65'),('0767a253-b52e-11e5-b52e-0242ac110002','075f545a-b52e-11e5-b52e-0242ac110002',1,'2015-09-19 15:07:09','2016-01-07 11:01:39','lowe.ozella'),('0767a7a6-b52e-11e5-b52e-0242ac110002','075e64ac-b52e-11e5-b52e-0242ac110002',-1,'2015-09-07 06:56:04','2016-01-07 11:01:39','zackary57'),('0767acf7-b52e-11e5-b52e-0242ac110002','0761b0c5-b52e-11e5-b52e-0242ac110002',1,'2015-01-11 20:35:53','2016-01-07 11:01:39','blick.janessa'),('0767b332-b52e-11e5-b52e-0242ac110002','075cc3b5-b52e-11e5-b52e-0242ac110002',1,'2015-06-05 01:37:16','2016-01-07 11:01:39','caroline62'),('0767b8a1-b52e-11e5-b52e-0242ac110002','0761efe2-b52e-11e5-b52e-0242ac110002',1,'2015-03-23 11:20:52','2016-01-07 11:01:39','jedidiah75'),('0767be00-b52e-11e5-b52e-0242ac110002','075f5a4d-b52e-11e5-b52e-0242ac110002',1,'2015-07-09 07:13:00','2016-01-07 11:01:39','bbeer'),('0767c36d-b52e-11e5-b52e-0242ac110002','0760a8aa-b52e-11e5-b52e-0242ac110002',-1,'2015-08-07 14:57:00','2016-01-07 11:01:39','joey.satterfield'),('0767c8cf-b52e-11e5-b52e-0242ac110002','07600e45-b52e-11e5-b52e-0242ac110002',-1,'2015-03-19 06:34:48','2016-01-07 11:01:39','rsenger'),('0767d195-b52e-11e5-b52e-0242ac110002','07616a53-b52e-11e5-b52e-0242ac110002',1,'2015-07-23 04:21:35','2016-01-07 11:01:39','garry45'),('0767da0a-b52e-11e5-b52e-0242ac110002','075cae3e-b52e-11e5-b52e-0242ac110002',1,'2015-07-26 13:19:35','2016-01-07 11:01:39','parker.mertz'),('0767dfa7-b52e-11e5-b52e-0242ac110002','075f9657-b52e-11e5-b52e-0242ac110002',-1,'2015-03-26 07:52:05','2016-01-07 11:01:39','dangelo.cremin'),('0767e512-b52e-11e5-b52e-0242ac110002','075eb3c2-b52e-11e5-b52e-0242ac110002',-1,'2015-05-05 03:59:12','2016-01-07 11:01:39','katelin18'),('0767ea75-b52e-11e5-b52e-0242ac110002','076078a6-b52e-11e5-b52e-0242ac110002',1,'2015-05-14 10:31:53','2016-01-07 11:01:39','wintheiser.gabriella'),('0767efd4-b52e-11e5-b52e-0242ac110002','075cc3b5-b52e-11e5-b52e-0242ac110002',-1,'2015-05-14 03:23:39','2016-01-07 11:01:39','herzog.andreanne'),('0767f523-b52e-11e5-b52e-0242ac110002','075d15f6-b52e-11e5-b52e-0242ac110002',1,'2015-08-05 19:23:59','2016-01-07 11:01:39','emmanuelle.schumm'),('0767fa78-b52e-11e5-b52e-0242ac110002','07615a52-b52e-11e5-b52e-0242ac110002',1,'2015-11-30 20:51:08','2016-01-07 11:01:39','schuster.jany'),('0767ffc8-b52e-11e5-b52e-0242ac110002','075ddcb2-b52e-11e5-b52e-0242ac110002',-1,'2015-04-17 01:13:04','2016-01-07 11:01:39','sipes.katelin'),('07680517-b52e-11e5-b52e-0242ac110002','075e7e83-b52e-11e5-b52e-0242ac110002',1,'2015-12-12 22:04:33','2016-01-07 11:01:39','edgardo19'),('07680a66-b52e-11e5-b52e-0242ac110002','076118f3-b52e-11e5-b52e-0242ac110002',-1,'2015-08-05 14:38:25','2016-01-07 11:01:39','schmitt.nicolas'),('07680fb7-b52e-11e5-b52e-0242ac110002','075d80ee-b52e-11e5-b52e-0242ac110002',-1,'2015-09-08 02:47:42','2016-01-07 11:01:39','lyost'),('076815c9-b52e-11e5-b52e-0242ac110002','075fe058-b52e-11e5-b52e-0242ac110002',1,'2015-01-21 09:28:28','2016-01-07 11:01:39','rosina.frami'),('07681b30-b52e-11e5-b52e-0242ac110002','075cae3e-b52e-11e5-b52e-0242ac110002',-1,'2015-02-24 07:54:03','2016-01-07 11:01:39','littel.dustin'),('07682091-b52e-11e5-b52e-0242ac110002','075ff239-b52e-11e5-b52e-0242ac110002',-1,'2015-09-08 17:57:27','2016-01-07 11:01:39','valtenwerth'),('076825e1-b52e-11e5-b52e-0242ac110002','0760e8b3-b52e-11e5-b52e-0242ac110002',-1,'2015-09-12 18:34:23','2016-01-07 11:01:39','anne.armstrong'),('07682b31-b52e-11e5-b52e-0242ac110002','075d45ff-b52e-11e5-b52e-0242ac110002',1,'2015-06-01 18:51:06','2016-01-07 11:01:39','rosalee99'),('0768308e-b52e-11e5-b52e-0242ac110002','075dc8dd-b52e-11e5-b52e-0242ac110002',-1,'2015-10-22 01:05:38','2016-01-07 11:01:39','schaefer.leonor'),('076835e6-b52e-11e5-b52e-0242ac110002','0761bcb6-b52e-11e5-b52e-0242ac110002',1,'2015-06-25 12:58:14','2016-01-07 11:01:39','lesley.stoltenberg'),('07683b35-b52e-11e5-b52e-0242ac110002','07604327-b52e-11e5-b52e-0242ac110002',1,'2015-02-13 08:07:22','2016-01-07 11:01:39','orrin15'),('07684086-b52e-11e5-b52e-0242ac110002','076118f3-b52e-11e5-b52e-0242ac110002',1,'2015-07-09 11:15:22','2016-01-07 11:01:39','utreutel'),('076845de-b52e-11e5-b52e-0242ac110002','0760be0e-b52e-11e5-b52e-0242ac110002',1,'2015-05-04 21:25:24','2016-01-07 11:01:39','hailie.conn'),('07684b2d-b52e-11e5-b52e-0242ac110002','075d55f2-b52e-11e5-b52e-0242ac110002',-1,'2015-09-30 11:14:50','2016-01-07 11:01:39','botsford.chelsea'),('07685084-b52e-11e5-b52e-0242ac110002','0761f5ad-b52e-11e5-b52e-0242ac110002',1,'2015-06-17 04:31:41','2016-01-07 11:01:39','eric08'),('076855d2-b52e-11e5-b52e-0242ac110002','075c4888-b52e-11e5-b52e-0242ac110002',-1,'2015-06-16 22:37:34','2016-01-07 11:01:39','imelda.rath'),('07685b18-b52e-11e5-b52e-0242ac110002','0761df02-b52e-11e5-b52e-0242ac110002',-1,'2015-09-28 23:33:01','2016-01-07 11:01:39','douglas.kathryne'),('07686065-b52e-11e5-b52e-0242ac110002','075c9e2a-b52e-11e5-b52e-0242ac110002',1,'2015-11-26 15:30:08','2016-01-07 11:01:39','spencer.clare'),('076865b8-b52e-11e5-b52e-0242ac110002','075c7894-b52e-11e5-b52e-0242ac110002',1,'2015-12-29 20:52:28','2016-01-07 11:01:39','azemlak'),('07686b0c-b52e-11e5-b52e-0242ac110002','075e99db-b52e-11e5-b52e-0242ac110002',1,'2015-08-13 18:48:51','2016-01-07 11:01:39','ukreiger'),('07687062-b52e-11e5-b52e-0242ac110002','075cee91-b52e-11e5-b52e-0242ac110002',1,'2015-02-18 18:11:43','2016-01-07 11:01:39','nils28'),('076875a7-b52e-11e5-b52e-0242ac110002','075e9355-b52e-11e5-b52e-0242ac110002',-1,'2015-09-24 06:56:24','2016-01-07 11:01:39','jake01'),('07687b00-b52e-11e5-b52e-0242ac110002','075e7e83-b52e-11e5-b52e-0242ac110002',-1,'2015-09-30 12:18:52','2016-01-07 11:01:39','awatsica'),('07688056-b52e-11e5-b52e-0242ac110002','075f6634-b52e-11e5-b52e-0242ac110002',-1,'2015-05-19 09:48:12','2016-01-07 11:01:39','tiana82'),('076885aa-b52e-11e5-b52e-0242ac110002','075e8cbb-b52e-11e5-b52e-0242ac110002',-1,'2015-09-25 23:53:20','2016-01-07 11:01:39','msipes'),('07688b03-b52e-11e5-b52e-0242ac110002','075e172d-b52e-11e5-b52e-0242ac110002',-1,'2015-12-09 16:19:57','2016-01-07 11:01:39','alda71'),('07689060-b52e-11e5-b52e-0242ac110002','0760c364-b52e-11e5-b52e-0242ac110002',-1,'2015-12-23 19:30:50','2016-01-07 11:01:39','adonis.dubuque'),('076895b8-b52e-11e5-b52e-0242ac110002','075d50a3-b52e-11e5-b52e-0242ac110002',-1,'2015-04-02 06:46:49','2016-01-07 11:01:39','camille59'),('07689b10-b52e-11e5-b52e-0242ac110002','075e0d7d-b52e-11e5-b52e-0242ac110002',1,'2015-01-16 19:36:02','2016-01-07 11:01:39','emerson.schimmel'),('0768a05e-b52e-11e5-b52e-0242ac110002','075e99db-b52e-11e5-b52e-0242ac110002',1,'2015-09-09 13:29:52','2016-01-07 11:01:39','bjakubowski'),('0768a5b0-b52e-11e5-b52e-0242ac110002','075daa43-b52e-11e5-b52e-0242ac110002',1,'2015-03-20 19:57:23','2016-01-07 11:01:39','maritza.donnelly'),('0768ab07-b52e-11e5-b52e-0242ac110002','075f9c4c-b52e-11e5-b52e-0242ac110002',1,'2015-10-12 15:30:11','2016-01-07 11:01:39','reichert.preston'),('0768b059-b52e-11e5-b52e-0242ac110002','0760588e-b52e-11e5-b52e-0242ac110002',1,'2015-10-21 07:13:09','2016-01-07 11:01:39','alda.douglas'),('0768b5ac-b52e-11e5-b52e-0242ac110002','075c4888-b52e-11e5-b52e-0242ac110002',-1,'2015-01-29 11:17:08','2016-01-07 11:01:39','durgan.abigail'),('0768bafc-b52e-11e5-b52e-0242ac110002','0760176e-b52e-11e5-b52e-0242ac110002',-1,'2015-02-05 10:34:50','2016-01-07 11:01:39','darryl.okuneva'),('0768c138-b52e-11e5-b52e-0242ac110002','075d2b63-b52e-11e5-b52e-0242ac110002',-1,'2015-07-06 13:34:27','2016-01-07 11:01:39','kaylin.moen'),('0768c69f-b52e-11e5-b52e-0242ac110002','075f7801-b52e-11e5-b52e-0242ac110002',-1,'2015-01-12 19:07:14','2016-01-07 11:01:39','tianna.rippin'),('0768cbf2-b52e-11e5-b52e-0242ac110002','0760228c-b52e-11e5-b52e-0242ac110002',1,'2015-01-26 13:05:45','2016-01-07 11:01:39','ratke.jerome'),('0768d142-b52e-11e5-b52e-0242ac110002','075e64ac-b52e-11e5-b52e-0242ac110002',1,'2015-09-04 16:32:09','2016-01-07 11:01:39','cathryn.johnson'),('0768d691-b52e-11e5-b52e-0242ac110002','07604883-b52e-11e5-b52e-0242ac110002',1,'2015-01-08 03:22:03','2016-01-07 11:01:39','jhoppe'),('0768dbee-b52e-11e5-b52e-0242ac110002','075d2606-b52e-11e5-b52e-0242ac110002',-1,'2015-10-21 07:55:01','2016-01-07 11:01:39','metz.jacinthe'),('0768e145-b52e-11e5-b52e-0242ac110002','075c9e2a-b52e-11e5-b52e-0242ac110002',1,'2015-06-09 14:28:36','2016-01-07 11:01:39','amber.goldner'),('0768e698-b52e-11e5-b52e-0242ac110002','075ca38c-b52e-11e5-b52e-0242ac110002',-1,'2015-12-16 03:11:55','2016-01-07 11:01:39','jodie.okon'),('0768ebed-b52e-11e5-b52e-0242ac110002','075d5b45-b52e-11e5-b52e-0242ac110002',1,'2015-01-31 14:18:46','2016-01-07 11:01:39','chelsey.rogahn'),('0768f146-b52e-11e5-b52e-0242ac110002','075fe65c-b52e-11e5-b52e-0242ac110002',1,'2015-02-01 13:44:51','2016-01-07 11:01:39','dameon.lynch'),('0768f6a1-b52e-11e5-b52e-0242ac110002','075f846a-b52e-11e5-b52e-0242ac110002',-1,'2015-12-07 19:28:40','2016-01-07 11:01:39','helene85'),('0768fbfa-b52e-11e5-b52e-0242ac110002','075d3b65-b52e-11e5-b52e-0242ac110002',-1,'2015-09-18 09:57:21','2016-01-07 11:01:39','oturcotte'),('0769014d-b52e-11e5-b52e-0242ac110002','076088b4-b52e-11e5-b52e-0242ac110002',1,'2015-09-23 02:53:57','2016-01-07 11:01:39','philpert'),('076906a8-b52e-11e5-b52e-0242ac110002','075f5a4d-b52e-11e5-b52e-0242ac110002',1,'2015-09-03 21:26:12','2016-01-07 11:01:39','frida73'),('07690bf8-b52e-11e5-b52e-0242ac110002','075e99db-b52e-11e5-b52e-0242ac110002',-1,'2015-12-14 11:00:26','2016-01-07 11:01:39','von.tatyana'),('076911a2-b52e-11e5-b52e-0242ac110002','075d3612-b52e-11e5-b52e-0242ac110002',1,'2015-10-29 11:32:14','2016-01-07 11:01:39','aurore17'),('07691707-b52e-11e5-b52e-0242ac110002','0761a96b-b52e-11e5-b52e-0242ac110002',1,'2015-08-28 02:17:49','2016-01-07 11:01:39','hupton'),('07691c59-b52e-11e5-b52e-0242ac110002','07606346-b52e-11e5-b52e-0242ac110002',-1,'2015-06-25 15:11:45','2016-01-07 11:01:39','heichmann'),('076921b1-b52e-11e5-b52e-0242ac110002','075e20ea-b52e-11e5-b52e-0242ac110002',1,'2015-02-25 06:11:52','2016-01-07 11:01:39','kurtis13'),('07692702-b52e-11e5-b52e-0242ac110002','07618508-b52e-11e5-b52e-0242ac110002',1,'2015-09-18 02:26:59','2016-01-07 11:01:39','cturner'),('07692c56-b52e-11e5-b52e-0242ac110002','076154ed-b52e-11e5-b52e-0242ac110002',-1,'2015-01-10 21:28:41','2016-01-07 11:01:39','beatrice86'),('076931af-b52e-11e5-b52e-0242ac110002','075c7894-b52e-11e5-b52e-0242ac110002',1,'2015-04-23 05:04:49','2016-01-07 11:01:39','vincenza.bradtke'),('076938b9-b52e-11e5-b52e-0242ac110002','0761b6e3-b52e-11e5-b52e-0242ac110002',-1,'2015-05-21 05:38:19','2016-01-07 11:01:39','fdickens'),('07693e88-b52e-11e5-b52e-0242ac110002','0760c8bc-b52e-11e5-b52e-0242ac110002',1,'2015-08-06 16:11:19','2016-01-07 11:01:39','willow95'),('076943e4-b52e-11e5-b52e-0242ac110002','075e57d3-b52e-11e5-b52e-0242ac110002',1,'2015-09-11 14:11:40','2016-01-07 11:01:39','heller.kris'),('07694938-b52e-11e5-b52e-0242ac110002','075fd45f-b52e-11e5-b52e-0242ac110002',1,'2015-09-25 17:29:46','2016-01-07 11:01:39','schoen.watson'),('07694e94-b52e-11e5-b52e-0242ac110002','0761c7ec-b52e-11e5-b52e-0242ac110002',1,'2015-02-11 11:46:38','2016-01-07 11:01:39','mreichel'),('076953f4-b52e-11e5-b52e-0242ac110002','075cde82-b52e-11e5-b52e-0242ac110002',1,'2015-04-30 16:25:45','2016-01-07 11:01:39','henri61'),('0769594d-b52e-11e5-b52e-0242ac110002','075c7332-b52e-11e5-b52e-0242ac110002',-1,'2015-02-07 03:48:05','2016-01-07 11:01:39','antonina.cole'),('07695ea3-b52e-11e5-b52e-0242ac110002','07611e4b-b52e-11e5-b52e-0242ac110002',-1,'2015-05-28 08:54:08','2016-01-07 11:01:39','cartwright.judah'),('07696400-b52e-11e5-b52e-0242ac110002','075fa248-b52e-11e5-b52e-0242ac110002',1,'2015-10-03 06:07:02','2016-01-07 11:01:39','zbailey'),('07696959-b52e-11e5-b52e-0242ac110002','0760e8b3-b52e-11e5-b52e-0242ac110002',1,'2015-02-03 04:47:40','2016-01-07 11:01:39','jamison.dietrich'),('07696eb4-b52e-11e5-b52e-0242ac110002','075ce3dd-b52e-11e5-b52e-0242ac110002',1,'2015-02-09 00:38:29','2016-01-07 11:01:39','moses.marvin'),('07697413-b52e-11e5-b52e-0242ac110002','0760fdf8-b52e-11e5-b52e-0242ac110002',1,'2015-02-07 07:28:56','2016-01-07 11:01:39','weimann.deanna'),('07697968-b52e-11e5-b52e-0242ac110002','0761fb0e-b52e-11e5-b52e-0242ac110002',1,'2015-04-03 01:59:48','2016-01-07 11:01:39','rlabadie'),('07697eca-b52e-11e5-b52e-0242ac110002','07615fa5-b52e-11e5-b52e-0242ac110002',1,'2015-12-20 15:20:43','2016-01-07 11:01:39','jillian.romaguera'),('0769841e-b52e-11e5-b52e-0242ac110002','07617a57-b52e-11e5-b52e-0242ac110002',-1,'2015-12-21 18:40:42','2016-01-07 11:01:39','eherman'),('0769897b-b52e-11e5-b52e-0242ac110002','075e64ac-b52e-11e5-b52e-0242ac110002',-1,'2015-04-06 01:10:13','2016-01-07 11:01:39','wisozk.jaquan'),('07698ecf-b52e-11e5-b52e-0242ac110002','075cc3b5-b52e-11e5-b52e-0242ac110002',1,'2015-10-24 05:39:43','2016-01-07 11:01:39','kuhic.enoch'),('07699424-b52e-11e5-b52e-0242ac110002','075f0f24-b52e-11e5-b52e-0242ac110002',-1,'2015-09-27 14:54:08','2016-01-07 11:01:39','weimann.jarret'),('0769997e-b52e-11e5-b52e-0242ac110002','075fe058-b52e-11e5-b52e-0242ac110002',1,'2015-08-27 06:00:52','2016-01-07 11:01:39','lucile.mcdermott'),('07699ed1-b52e-11e5-b52e-0242ac110002','076078a6-b52e-11e5-b52e-0242ac110002',-1,'2015-04-01 14:39:28','2016-01-07 11:01:39','alize04'),('0769a42b-b52e-11e5-b52e-0242ac110002','075d3b65-b52e-11e5-b52e-0242ac110002',1,'2015-05-10 18:17:29','2016-01-07 11:01:39','kiana72'),('0769a983-b52e-11e5-b52e-0242ac110002','075cf3e5-b52e-11e5-b52e-0242ac110002',1,'2015-05-22 03:56:10','2016-01-07 11:01:39','qgibson'),('0769aee8-b52e-11e5-b52e-0242ac110002','076133af-b52e-11e5-b52e-0242ac110002',-1,'2016-01-05 13:32:40','2016-01-07 11:01:39','abshire.darrell'),('0769b445-b52e-11e5-b52e-0242ac110002','0760c8bc-b52e-11e5-b52e-0242ac110002',-1,'2015-06-10 10:35:11','2016-01-07 11:01:39','dbauch'),('0769b999-b52e-11e5-b52e-0242ac110002','076113a4-b52e-11e5-b52e-0242ac110002',-1,'2015-04-29 05:16:57','2016-01-07 11:01:39','haag.oswaldo'),('0769beed-b52e-11e5-b52e-0242ac110002','07604327-b52e-11e5-b52e-0242ac110002',1,'2015-08-22 19:35:26','2016-01-07 11:01:39','qmuller'),('0769c448-b52e-11e5-b52e-0242ac110002','0760734b-b52e-11e5-b52e-0242ac110002',-1,'2015-09-20 11:40:30','2016-01-07 11:01:39','sframi'),('0769c99e-b52e-11e5-b52e-0242ac110002','075e4af0-b52e-11e5-b52e-0242ac110002',-1,'2015-03-30 09:12:31','2016-01-07 11:01:39','vincenzo69'),('0769cef1-b52e-11e5-b52e-0242ac110002','07604327-b52e-11e5-b52e-0242ac110002',1,'2015-12-26 20:48:26','2016-01-07 11:01:39','silas.bruen'),('0769d447-b52e-11e5-b52e-0242ac110002','075d2b63-b52e-11e5-b52e-0242ac110002',-1,'2015-09-01 12:54:33','2016-01-07 11:01:39','walker.flatley'),('0769d9a4-b52e-11e5-b52e-0242ac110002','07600e45-b52e-11e5-b52e-0242ac110002',1,'2015-01-25 02:34:22','2016-01-07 11:01:39','orn.garrett'),('0769defa-b52e-11e5-b52e-0242ac110002','07618508-b52e-11e5-b52e-0242ac110002',1,'2015-07-07 02:19:54','2016-01-07 11:01:39','ernestina.ullrich'),('0769e453-b52e-11e5-b52e-0242ac110002','07615a52-b52e-11e5-b52e-0242ac110002',-1,'2015-05-02 10:00:42','2016-01-07 11:01:39','lamont.stamm'),('0769e9a9-b52e-11e5-b52e-0242ac110002','075ce938-b52e-11e5-b52e-0242ac110002',1,'2015-10-06 13:39:19','2016-01-07 11:01:39','marcel.schinner'),('0769eef5-b52e-11e5-b52e-0242ac110002','075df05a-b52e-11e5-b52e-0242ac110002',-1,'2015-08-05 05:51:44','2016-01-07 11:01:39','coty.hartmann'),('0769f443-b52e-11e5-b52e-0242ac110002','075e8500-b52e-11e5-b52e-0242ac110002',1,'2015-01-29 04:47:06','2016-01-07 11:01:39','hilll.rosario'),('0769f992-b52e-11e5-b52e-0242ac110002','076088b4-b52e-11e5-b52e-0242ac110002',-1,'2015-10-07 00:22:03','2016-01-07 11:01:39','jpurdy'),('0769fee2-b52e-11e5-b52e-0242ac110002','07604dd9-b52e-11e5-b52e-0242ac110002',-1,'2015-03-31 14:34:45','2016-01-07 11:01:39','bednar.lenore'),('076a0455-b52e-11e5-b52e-0242ac110002','076133af-b52e-11e5-b52e-0242ac110002',1,'2015-04-02 21:13:28','2016-01-07 11:01:39','bbotsford'),('076a0b97-b52e-11e5-b52e-0242ac110002','07617500-b52e-11e5-b52e-0242ac110002',-1,'2015-06-15 17:09:45','2016-01-07 11:01:39','fmiller'),('076a111e-b52e-11e5-b52e-0242ac110002','075e57d3-b52e-11e5-b52e-0242ac110002',-1,'2015-09-17 02:35:56','2016-01-07 11:01:39','melany74'),('076a1681-b52e-11e5-b52e-0242ac110002','075db49d-b52e-11e5-b52e-0242ac110002',-1,'2015-01-15 18:54:09','2016-01-07 11:01:39','edd29'),('076a1be2-b52e-11e5-b52e-0242ac110002','075d109d-b52e-11e5-b52e-0242ac110002',1,'2015-03-18 20:06:25','2016-01-07 11:01:39','alyce.kreiger'),('076a2159-b52e-11e5-b52e-0242ac110002','075f7801-b52e-11e5-b52e-0242ac110002',1,'2015-04-28 19:06:42','2016-01-07 11:01:39','fbins'),('076a26b1-b52e-11e5-b52e-0242ac110002','075fe058-b52e-11e5-b52e-0242ac110002',1,'2015-03-20 19:26:46','2016-01-07 11:01:39','aratke'),('076a2c0a-b52e-11e5-b52e-0242ac110002','07608e05-b52e-11e5-b52e-0242ac110002',-1,'2015-03-14 16:47:03','2016-01-07 11:01:39','alia.braun'),('076a3169-b52e-11e5-b52e-0242ac110002','075f1692-b52e-11e5-b52e-0242ac110002',1,'2015-06-01 16:11:31','2016-01-07 11:01:39','vprohaska'),('076a36c7-b52e-11e5-b52e-0242ac110002','07616fa1-b52e-11e5-b52e-0242ac110002',-1,'2015-06-02 17:08:46','2016-01-07 11:01:39','dusty44'),('076a3c1e-b52e-11e5-b52e-0242ac110002','0760176e-b52e-11e5-b52e-0242ac110002',-1,'2015-05-16 06:54:03','2016-01-07 11:01:39','gregoria.schmeler'),('076a4178-b52e-11e5-b52e-0242ac110002','076225f4-b52e-11e5-b52e-0242ac110002',1,'2015-07-31 08:33:29','2016-01-07 11:01:39','curtis99'),('076a47af-b52e-11e5-b52e-0242ac110002','075e5157-b52e-11e5-b52e-0242ac110002',-1,'2015-04-06 04:58:50','2016-01-07 11:01:39','kreiger.doris'),('076a4d0f-b52e-11e5-b52e-0242ac110002','075d9f79-b52e-11e5-b52e-0242ac110002',1,'2015-08-23 09:19:24','2016-01-07 11:01:39','kwillms'),('076a5268-b52e-11e5-b52e-0242ac110002','075d109d-b52e-11e5-b52e-0242ac110002',-1,'2015-02-05 22:54:13','2016-01-07 11:01:39','garett04'),('076a57b6-b52e-11e5-b52e-0242ac110002','0760a35b-b52e-11e5-b52e-0242ac110002',1,'2015-11-28 06:50:49','2016-01-07 11:01:39','wkilback'),('076a5d0b-b52e-11e5-b52e-0242ac110002','075cee91-b52e-11e5-b52e-0242ac110002',1,'2015-09-16 10:44:10','2016-01-07 11:01:39','vblock'),('076a6257-b52e-11e5-b52e-0242ac110002','075f7e68-b52e-11e5-b52e-0242ac110002',-1,'2015-08-12 07:27:48','2016-01-07 11:01:39','bmarvin'),('076a67ad-b52e-11e5-b52e-0242ac110002','075d7b92-b52e-11e5-b52e-0242ac110002',-1,'2015-06-16 23:31:21','2016-01-07 11:01:39','stephon.haley'),('076a6cfc-b52e-11e5-b52e-0242ac110002','075ca38c-b52e-11e5-b52e-0242ac110002',1,'2015-11-01 02:11:25','2016-01-07 11:01:39','henri.brekke'),('076a724a-b52e-11e5-b52e-0242ac110002','075d60a7-b52e-11e5-b52e-0242ac110002',-1,'2015-06-17 10:35:37','2016-01-07 11:01:39','xkoch'),('076a7791-b52e-11e5-b52e-0242ac110002','0761cdf4-b52e-11e5-b52e-0242ac110002',-1,'2015-05-09 23:27:15','2016-01-07 11:01:39','alexandria38'),('076a7ce8-b52e-11e5-b52e-0242ac110002','075fa248-b52e-11e5-b52e-0242ac110002',-1,'2015-03-17 01:58:43','2016-01-07 11:01:39','khaag'),('076a823b-b52e-11e5-b52e-0242ac110002','076128f8-b52e-11e5-b52e-0242ac110002',1,'2016-01-06 21:07:14','2016-01-07 11:01:39','gwendolyn.walsh'),('076a8789-b52e-11e5-b52e-0242ac110002','075ea6cf-b52e-11e5-b52e-0242ac110002',1,'2015-09-25 17:08:53','2016-01-07 11:01:39','macejkovic.adonis'),('076a8d3a-b52e-11e5-b52e-0242ac110002','0760f34d-b52e-11e5-b52e-0242ac110002',-1,'2015-09-20 16:13:38','2016-01-07 11:01:39','melisa.oberbrunner'),('076a929a-b52e-11e5-b52e-0242ac110002','0761b6e3-b52e-11e5-b52e-0242ac110002',1,'2015-12-05 18:48:43','2016-01-07 11:01:39','elliot.thompson'),('076a97f8-b52e-11e5-b52e-0242ac110002','075f6c1e-b52e-11e5-b52e-0242ac110002',1,'2015-11-21 15:47:57','2016-01-07 11:01:39','consuelo81'),('076a9d48-b52e-11e5-b52e-0242ac110002','0762006d-b52e-11e5-b52e-0242ac110002',1,'2015-09-05 07:29:41','2016-01-07 11:01:39','vaughn27'),('076aa28d-b52e-11e5-b52e-0242ac110002','0760de0e-b52e-11e5-b52e-0242ac110002',-1,'2015-04-12 01:32:06','2016-01-07 11:01:39','carol.bailey'),('076aa7e5-b52e-11e5-b52e-0242ac110002','07617a57-b52e-11e5-b52e-0242ac110002',-1,'2015-01-30 20:54:55','2016-01-07 11:01:39','corkery.cristian'),('076aad43-b52e-11e5-b52e-0242ac110002','07622093-b52e-11e5-b52e-0242ac110002',1,'2015-02-27 20:10:53','2016-01-07 11:01:39','mariane.kemmer'),('076ab298-b52e-11e5-b52e-0242ac110002','075c5330-b52e-11e5-b52e-0242ac110002',1,'2015-02-26 23:16:58','2016-01-07 11:01:39','fern61'),('076ab7e8-b52e-11e5-b52e-0242ac110002','075f9657-b52e-11e5-b52e-0242ac110002',1,'2015-06-30 15:04:06','2016-01-07 11:01:39','jhyatt'),('076abed5-b52e-11e5-b52e-0242ac110002','0761390c-b52e-11e5-b52e-0242ac110002',-1,'2015-04-10 11:54:40','2016-01-07 11:01:39','elmira.conn'),('076ac4b5-b52e-11e5-b52e-0242ac110002','075f8a6a-b52e-11e5-b52e-0242ac110002',1,'2015-12-14 03:59:34','2016-01-07 11:01:39','rosalia65'),('076aca19-b52e-11e5-b52e-0242ac110002','075d45ff-b52e-11e5-b52e-0242ac110002',1,'2015-10-07 07:30:56','2016-01-07 11:01:39','ghuels'),('076acf6a-b52e-11e5-b52e-0242ac110002','0761a96b-b52e-11e5-b52e-0242ac110002',1,'2015-11-20 04:36:06','2016-01-07 11:01:39','sim.armstrong'),('076ad4c1-b52e-11e5-b52e-0242ac110002','0761f5ad-b52e-11e5-b52e-0242ac110002',-1,'2015-10-02 11:55:09','2016-01-07 11:01:39','mariam.hintz'),('076ada15-b52e-11e5-b52e-0242ac110002','075e64ac-b52e-11e5-b52e-0242ac110002',-1,'2015-08-16 17:16:49','2016-01-07 11:01:39','fabian.abshire'),('076adf6e-b52e-11e5-b52e-0242ac110002','0760ee00-b52e-11e5-b52e-0242ac110002',-1,'2015-08-29 18:20:49','2016-01-07 11:01:39','fpadberg'),('076ae4cd-b52e-11e5-b52e-0242ac110002','075db49d-b52e-11e5-b52e-0242ac110002',-1,'2015-07-01 15:16:33','2016-01-07 11:01:39','bhuel'),('076aea1f-b52e-11e5-b52e-0242ac110002','075d109d-b52e-11e5-b52e-0242ac110002',-1,'2015-02-19 20:14:06','2016-01-07 11:01:39','junius.wiegand'),('076aef76-b52e-11e5-b52e-0242ac110002','07616fa1-b52e-11e5-b52e-0242ac110002',-1,'2015-06-30 09:39:37','2016-01-07 11:01:39','hrowe'),('076af4c7-b52e-11e5-b52e-0242ac110002','075e57d3-b52e-11e5-b52e-0242ac110002',-1,'2015-04-29 08:34:52','2016-01-07 11:01:39','dickinson.dariana'),('076afa1a-b52e-11e5-b52e-0242ac110002','075e4481-b52e-11e5-b52e-0242ac110002',1,'2015-03-15 16:17:58','2016-01-07 11:01:39','lisandro98'),('076aff67-b52e-11e5-b52e-0242ac110002','075cd3bc-b52e-11e5-b52e-0242ac110002',1,'2015-09-11 16:06:02','2016-01-07 11:01:39','wuckert.ambrose'),('076b04bb-b52e-11e5-b52e-0242ac110002','075f369a-b52e-11e5-b52e-0242ac110002',-1,'2015-01-28 11:39:49','2016-01-07 11:01:39','malcolm.buckridge'),('076b0a10-b52e-11e5-b52e-0242ac110002','075c5330-b52e-11e5-b52e-0242ac110002',1,'2015-05-24 19:24:18','2016-01-07 11:01:39','auer.jerald'),('076b0f5f-b52e-11e5-b52e-0242ac110002','0761c256-b52e-11e5-b52e-0242ac110002',-1,'2015-08-13 23:01:49','2016-01-07 11:01:39','ehilll'),('076b14ad-b52e-11e5-b52e-0242ac110002','075d9f79-b52e-11e5-b52e-0242ac110002',1,'2015-03-19 05:32:33','2016-01-07 11:01:39','hazel51'),('076b19fa-b52e-11e5-b52e-0242ac110002','075d4b56-b52e-11e5-b52e-0242ac110002',-1,'2015-06-28 23:57:11','2016-01-07 11:01:39','enitzsche');
/*!40000 ALTER TABLE `post_rating` ENABLE KEYS */;
UNLOCK TABLES;

--
-- Table structure for table `reply`
--

DROP TABLE IF EXISTS `reply`;
/*!40101 SET @saved_cs_client     = @@character_set_client */;
/*!40101 SET character_set_client = utf8 */;
CREATE TABLE `reply` (
  `id` char(36) COLLATE utf8_unicode_ci NOT NULL COMMENT '(DC2Type:guid)',
  `post_id` char(36) COLLATE utf8_unicode_ci DEFAULT NULL COMMENT '(DC2Type:guid)',
  `content` longtext COLLATE utf8_unicode_ci,
  `score` int(11) NOT NULL,
  `created_at` datetime NOT NULL,
  `updated_at` datetime DEFAULT NULL,
  `user_id` varchar(32) COLLATE utf8_unicode_ci NOT NULL,
  PRIMARY KEY (`id`),
  KEY `IDX_FDA8C6E04B89032C` (`post_id`),
  CONSTRAINT `FK_FDA8C6E04B89032C` FOREIGN KEY (`post_id`) REFERENCES `post` (`id`) ON DELETE CASCADE
) ENGINE=InnoDB DEFAULT CHARSET=utf8 COLLATE=utf8_unicode_ci;
/*!40101 SET character_set_client = @saved_cs_client */;

--
-- Dumping data for table `reply`
--

LOCK TABLES `reply` WRITE;
/*!40000 ALTER TABLE `reply` DISABLE KEYS */;
INSERT INTO `reply` VALUES ('076230b6-b52e-11e5-b52e-0242ac110002','0760a35b-b52e-11e5-b52e-0242ac110002','Est vitae quia sapiente.',-2,'2015-08-09 03:48:20','2016-01-07 11:01:39','tristin.emmerich'),('0762361e-b52e-11e5-b52e-0242ac110002','0761d957-b52e-11e5-b52e-0242ac110002','Ea iste maxime non animi nisi fugit.',2,'2015-04-09 19:23:22','2016-01-07 11:01:39','ervin80'),('07623b85-b52e-11e5-b52e-0242ac110002','075e9355-b52e-11e5-b52e-0242ac110002','Officia iusto voluptas quasi cumque debitis fuga necessitatibus.',7,'2016-01-05 18:02:49','2016-01-07 11:01:39','maia24'),('076240df-b52e-11e5-b52e-0242ac110002','075d45ff-b52e-11e5-b52e-0242ac110002','Laudantium maxime omnis ducimus quo qui cum temporibus impedit.',8,'2015-06-17 17:36:07','2016-01-07 11:01:39','uswift'),('07624632-b52e-11e5-b52e-0242ac110002','075e6b22-b52e-11e5-b52e-0242ac110002','Quis placeat sint et quibusdam corporis ratione dolor.',10,'2015-09-22 07:41:05','2016-01-07 11:01:39','russel.clare'),('07624b8e-b52e-11e5-b52e-0242ac110002','075d50a3-b52e-11e5-b52e-0242ac110002','Natus ut delectus incidunt quod.',4,'2015-07-05 02:41:50','2016-01-07 11:01:39','flatley.hillard'),('076250d9-b52e-11e5-b52e-0242ac110002','075eede9-b52e-11e5-b52e-0242ac110002','Quia omnis veniam omnis harum.',7,'2015-03-30 17:14:21','2016-01-07 11:01:39','rrussel'),('07625633-b52e-11e5-b52e-0242ac110002','07615a52-b52e-11e5-b52e-0242ac110002','Laboriosam enim est eaque et aspernatur voluptas exercitationem.',0,'2015-12-13 05:44:25','2016-01-07 11:01:39','delilah.ruecker'),('07625b87-b52e-11e5-b52e-0242ac110002','076098aa-b52e-11e5-b52e-0242ac110002','Hic est ea veniam numquam esse id minima.',8,'2015-09-12 05:02:34','2016-01-07 11:01:39','giovanny80'),('076260dd-b52e-11e5-b52e-0242ac110002','075c8346-b52e-11e5-b52e-0242ac110002','Quod libero quaerat similique culpa ab.',-1,'2015-12-18 18:02:53','2016-01-07 11:01:39','nitzsche.rasheed'),('07626636-b52e-11e5-b52e-0242ac110002','075c8346-b52e-11e5-b52e-0242ac110002','Sint quibusdam excepturi iusto nam at.',0,'2015-07-10 12:20:12','2016-01-07 11:01:39','ursula.bradtke'),('07626b9d-b52e-11e5-b52e-0242ac110002','075f0250-b52e-11e5-b52e-0242ac110002','Repudiandae natus dolores perferendis voluptatem eos nihil voluptate eveniet.',10,'2015-09-29 09:06:14','2016-01-07 11:01:39','jillian26'),('076272c1-b52e-11e5-b52e-0242ac110002','076027f5-b52e-11e5-b52e-0242ac110002','Nesciunt exercitationem distinctio officia suscipit ab.',8,'2015-03-07 15:26:52','2016-01-07 11:01:39','mayer.juanita'),('0762785b-b52e-11e5-b52e-0242ac110002','075d2606-b52e-11e5-b52e-0242ac110002','Quas dolor dignissimos placeat temporibus quos delectus.',2,'2015-03-21 10:51:42','2016-01-07 11:01:39','korey64'),('07627dc8-b52e-11e5-b52e-0242ac110002','075f237b-b52e-11e5-b52e-0242ac110002','Molestiae voluptate labore in voluptas.',2,'2015-03-13 06:05:54','2016-01-07 11:01:39','ekuhn'),('0762833b-b52e-11e5-b52e-0242ac110002','075c6337-b52e-11e5-b52e-0242ac110002','Odio optio occaecati sit quis vitae autem est.',-2,'2015-09-18 05:04:32','2016-01-07 11:01:39','dianna.cormier'),('076288a2-b52e-11e5-b52e-0242ac110002','07618508-b52e-11e5-b52e-0242ac110002','Rerum molestiae rerum incidunt quibusdam eos.',4,'2015-10-30 03:09:15','2016-01-07 11:01:39','flubowitz'),('07628e0e-b52e-11e5-b52e-0242ac110002','07620b2e-b52e-11e5-b52e-0242ac110002','Officiis dolorum aliquid magnam eaque magni voluptates.',1,'2016-01-06 09:20:10','2016-01-07 11:01:39','fraynor'),('07629367-b52e-11e5-b52e-0242ac110002','075fe058-b52e-11e5-b52e-0242ac110002','Nesciunt dolor et a quisquam qui aliquid.',4,'2015-08-07 03:35:11','2016-01-07 11:01:39','jairo.zboncak'),('076298c3-b52e-11e5-b52e-0242ac110002','075d40b6-b52e-11e5-b52e-0242ac110002','Ut nemo harum aut facere.',3,'2015-10-15 03:09:16','2016-01-07 11:01:39','major52'),('07629eb3-b52e-11e5-b52e-0242ac110002','075eda82-b52e-11e5-b52e-0242ac110002','Eos aut aut deleniti ut qui doloremque.',2,'2015-03-10 18:48:34','2016-01-07 11:01:39','beatty.erling'),('0762a4b7-b52e-11e5-b52e-0242ac110002','07617500-b52e-11e5-b52e-0242ac110002','Non corporis rerum facere rem voluptatum beatae.',6,'2015-07-20 02:15:56','2016-01-07 11:01:39','rylee.bergstrom'),('0762aa2c-b52e-11e5-b52e-0242ac110002','0760fdf8-b52e-11e5-b52e-0242ac110002','Veritatis molestias ullam perspiciatis.',6,'2015-07-22 04:32:43','2016-01-07 11:01:39','ralph45'),('0762af97-b52e-11e5-b52e-0242ac110002','075cae3e-b52e-11e5-b52e-0242ac110002','Et dolores ratione eos rerum nesciunt sapiente.',5,'2015-02-12 13:08:19','2016-01-07 11:01:39','dare.triston'),('0762b4f7-b52e-11e5-b52e-0242ac110002','0761c7ec-b52e-11e5-b52e-0242ac110002','Vel nisi fugiat vel laudantium et cum.',1,'2015-01-31 02:31:19','2016-01-07 11:01:39','nbartoletti'),('0762ba53-b52e-11e5-b52e-0242ac110002','075e7192-b52e-11e5-b52e-0242ac110002','Suscipit laudantium sint natus nobis dolor itaque consequuntur.',-2,'2015-12-28 21:51:19','2016-01-07 11:01:39','oconner.baby'),('0762bfab-b52e-11e5-b52e-0242ac110002','075d60a7-b52e-11e5-b52e-0242ac110002','Ut iusto nostrum cum quae voluptates dolorem molestiae aliquam.',2,'2016-01-02 13:31:13','2016-01-07 11:01:39','jazmyne.doyle'),('0762c503-b52e-11e5-b52e-0242ac110002','075f1692-b52e-11e5-b52e-0242ac110002','Placeat dolor doloremque qui quis sapiente velit rerum.',1,'2015-09-17 12:03:11','2016-01-07 11:01:39','hermiston.arianna'),('0762ca6b-b52e-11e5-b52e-0242ac110002','076133af-b52e-11e5-b52e-0242ac110002','Id dolor voluptatem ut.',6,'2015-12-13 07:31:37','2016-01-07 11:01:39','justus.bins'),('0762cfc3-b52e-11e5-b52e-0242ac110002','075f4874-b52e-11e5-b52e-0242ac110002','Debitis commodi pariatur velit ea est.',3,'2015-01-26 15:07:28','2016-01-07 11:01:39','nikita.nikolaus'),('0762d519-b52e-11e5-b52e-0242ac110002','075e0d7d-b52e-11e5-b52e-0242ac110002','Quidem nesciunt adipisci sunt corrupti quaerat.',8,'2015-04-25 05:33:04','2016-01-07 11:01:39','stanton.paolo'),('0762da75-b52e-11e5-b52e-0242ac110002','075f6634-b52e-11e5-b52e-0242ac110002','Tenetur voluptatum quae qui sunt ut vero.',-1,'2015-01-20 05:59:38','2016-01-07 11:01:39','robel.eusebio'),('0762dfd5-b52e-11e5-b52e-0242ac110002','075ffdf7-b52e-11e5-b52e-0242ac110002','Voluptas quisquam iste perferendis autem.',7,'2015-09-01 13:17:23','2016-01-07 11:01:39','terry22'),('0762e540-b52e-11e5-b52e-0242ac110002','0760c8bc-b52e-11e5-b52e-0242ac110002','Nemo omnis quaerat sit illo.',5,'2015-07-06 03:05:01','2016-01-07 11:01:39','madelynn.hoppe'),('0762ea99-b52e-11e5-b52e-0242ac110002','075f846a-b52e-11e5-b52e-0242ac110002','Dolores qui illum aliquid explicabo consectetur.',8,'2015-11-17 05:13:26','2016-01-07 11:01:39','constance.doyle'),('0762effc-b52e-11e5-b52e-0242ac110002','075e3e11-b52e-11e5-b52e-0242ac110002','Quod sunt accusamus consequuntur.',8,'2015-10-28 02:18:47','2016-01-07 11:01:39','langworth.keaton'),('0762f556-b52e-11e5-b52e-0242ac110002','075d2606-b52e-11e5-b52e-0242ac110002','Dolores quaerat ut quo fugit laudantium.',3,'2015-11-17 13:11:48','2016-01-07 11:01:39','green.keeley'),('0762faba-b52e-11e5-b52e-0242ac110002','075e8500-b52e-11e5-b52e-0242ac110002','Consectetur et non officiis quo.',-2,'2015-10-01 14:49:54','2016-01-07 11:01:39','amaya.gerhold'),('07630010-b52e-11e5-b52e-0242ac110002','076088b4-b52e-11e5-b52e-0242ac110002','Rerum assumenda quia aut quo hic et.',9,'2015-11-18 02:03:53','2016-01-07 11:01:39','adrian63'),('076305ef-b52e-11e5-b52e-0242ac110002','075ee0f2-b52e-11e5-b52e-0242ac110002','Maiores perspiciatis doloribus quae rerum molestias eos quia.',10,'2015-10-07 12:47:17','2016-01-07 11:01:39','bahringer.ari'),('07630b56-b52e-11e5-b52e-0242ac110002','075d60a7-b52e-11e5-b52e-0242ac110002','Quidem consequuntur ipsam soluta quibusdam.',1,'2015-05-23 11:16:27','2016-01-07 11:01:39','carolanne.brakus'),('076310b1-b52e-11e5-b52e-0242ac110002','075cae3e-b52e-11e5-b52e-0242ac110002','Dicta pariatur omnis ab saepe.',4,'2015-03-29 06:29:10','2016-01-07 11:01:39','emerson.kuhn'),('07631604-b52e-11e5-b52e-0242ac110002','0760ae07-b52e-11e5-b52e-0242ac110002','Officia et facilis ad sed.',4,'2015-01-26 20:22:37','2016-01-07 11:01:39','conroy.ken'),('07631b64-b52e-11e5-b52e-0242ac110002','075e57d3-b52e-11e5-b52e-0242ac110002','Ad dolorem sed sunt doloribus ea earum non in.',6,'2015-04-18 00:15:46','2016-01-07 11:01:39','yschroeder'),('07632452-b52e-11e5-b52e-0242ac110002','07615a52-b52e-11e5-b52e-0242ac110002','Sint omnis ullam est eos unde earum.',-1,'2015-06-03 10:54:13','2016-01-07 11:01:39','dharris'),('07632a64-b52e-11e5-b52e-0242ac110002','075cce5f-b52e-11e5-b52e-0242ac110002','Voluptas dignissimos cumque iste a voluptate vitae.',0,'2015-10-23 20:30:33','2016-01-07 11:01:39','wintheiser.myah'),('07633027-b52e-11e5-b52e-0242ac110002','075d6b55-b52e-11e5-b52e-0242ac110002','Eos dolor sit dolor accusamus.',0,'2015-12-20 17:26:05','2016-01-07 11:01:39','janiya.rowe'),('07633592-b52e-11e5-b52e-0242ac110002','07600e45-b52e-11e5-b52e-0242ac110002','Possimus laboriosam cumque et porro quia ut.',10,'2015-09-16 20:04:18','2016-01-07 11:01:39','urogahn'),('07633ae5-b52e-11e5-b52e-0242ac110002','075cbe55-b52e-11e5-b52e-0242ac110002','Dicta eos doloribus eligendi iusto consequatur consequatur.',1,'2015-02-25 05:43:29','2016-01-07 11:01:39','ihalvorson'),('07634047-b52e-11e5-b52e-0242ac110002','0761c256-b52e-11e5-b52e-0242ac110002','Excepturi id nostrum tempora quia qui aspernatur rerum.',-2,'2015-12-01 02:00:11','2016-01-07 11:01:39','trace.pollich'),('076345a3-b52e-11e5-b52e-0242ac110002','075f905f-b52e-11e5-b52e-0242ac110002','Veritatis quisquam placeat repellat magni sit commodi saepe.',0,'2015-04-22 08:32:58','2016-01-07 11:01:39','favian47'),('07634afb-b52e-11e5-b52e-0242ac110002','075e99db-b52e-11e5-b52e-0242ac110002','Voluptatem mollitia rem voluptate.',-1,'2015-06-16 17:39:01','2016-01-07 11:01:39','vernon54'),('07635054-b52e-11e5-b52e-0242ac110002','07619e16-b52e-11e5-b52e-0242ac110002','Et sit sunt aut deleniti commodi et consequatur.',9,'2015-03-24 14:06:40','2016-01-07 11:01:39','gmonahan'),('076355ac-b52e-11e5-b52e-0242ac110002','075ee0f2-b52e-11e5-b52e-0242ac110002','Eum dolore impedit sed ea quia voluptatem.',7,'2015-05-27 02:01:30','2016-01-07 11:01:39','dach.frederick'),('07635b01-b52e-11e5-b52e-0242ac110002','0761d3a0-b52e-11e5-b52e-0242ac110002','Est vitae vel rerum aut provident magnam.',2,'2015-12-23 18:40:18','2016-01-07 11:01:39','gabriel07'),('07636058-b52e-11e5-b52e-0242ac110002','0760036e-b52e-11e5-b52e-0242ac110002','Vel fugit eveniet cupiditate quasi rerum quia.',2,'2015-03-23 05:28:25','2016-01-07 11:01:39','emely.jaskolski'),('076365ae-b52e-11e5-b52e-0242ac110002','075f720b-b52e-11e5-b52e-0242ac110002','Est corrupti tempore similique consequuntur laboriosam.',3,'2015-03-14 05:28:57','2016-01-07 11:01:39','gina.larkin'),('07636afa-b52e-11e5-b52e-0242ac110002','07603301-b52e-11e5-b52e-0242ac110002','Rerum repellat doloribus repellat laboriosam nobis adipisci.',-1,'2015-09-09 12:10:45','2016-01-07 11:01:39','lacey12'),('07637049-b52e-11e5-b52e-0242ac110002','07618fb6-b52e-11e5-b52e-0242ac110002','Amet qui at iure sunt velit vitae.',2,'2015-09-02 21:34:49','2016-01-07 11:01:39','juana.stanton'),('076375a9-b52e-11e5-b52e-0242ac110002','075d0a65-b52e-11e5-b52e-0242ac110002','Itaque sunt consequatur exercitationem distinctio quo aut deserunt.',-2,'2015-05-17 23:15:32','2016-01-07 11:01:39','alta.auer'),('07637b04-b52e-11e5-b52e-0242ac110002','07618a60-b52e-11e5-b52e-0242ac110002','Aut aut suscipit eius et.',-1,'2015-01-27 08:19:15','2016-01-07 11:01:39','adrian.borer'),('07638056-b52e-11e5-b52e-0242ac110002','07610e3f-b52e-11e5-b52e-0242ac110002','Architecto et ut eveniet.',8,'2015-09-09 04:01:58','2016-01-07 11:01:39','kacey.corkery'),('076385a5-b52e-11e5-b52e-0242ac110002','075f2aaa-b52e-11e5-b52e-0242ac110002','Dignissimos temporibus quo qui ad iste neque.',-2,'2015-05-03 01:19:12','2016-01-07 11:01:39','kitty.stehr'),('07638b01-b52e-11e5-b52e-0242ac110002','075d60a7-b52e-11e5-b52e-0242ac110002','Eum sint recusandae consequuntur laudantium.',2,'2015-10-19 19:46:34','2016-01-07 11:01:39','catalina80'),('07639050-b52e-11e5-b52e-0242ac110002','075cc908-b52e-11e5-b52e-0242ac110002','Impedit modi amet eaque distinctio numquam vitae eos.',-2,'2015-04-08 08:28:47','2016-01-07 11:01:39','ardith94'),('076395b0-b52e-11e5-b52e-0242ac110002','07610e3f-b52e-11e5-b52e-0242ac110002','Atque accusamus quis nobis delectus architecto.',6,'2015-01-31 23:37:16','2016-01-07 11:01:39','vbosco'),('07639afe-b52e-11e5-b52e-0242ac110002','075c6337-b52e-11e5-b52e-0242ac110002','Saepe nihil placeat aspernatur quasi est velit quas.',2,'2015-12-30 10:15:49','2016-01-07 11:01:39','kmorar'),('0763a05a-b52e-11e5-b52e-0242ac110002','075eda82-b52e-11e5-b52e-0242ac110002','Eligendi consequatur rem in quos.',8,'2015-12-11 12:33:08','2016-01-07 11:01:39','nora05'),('0763a5ad-b52e-11e5-b52e-0242ac110002','075fec62-b52e-11e5-b52e-0242ac110002','Distinctio aut explicabo quae possimus odit.',-1,'2015-08-14 07:06:45','2016-01-07 11:01:39','upredovic'),('0763ab00-b52e-11e5-b52e-0242ac110002','0760be0e-b52e-11e5-b52e-0242ac110002','Quae nesciunt placeat voluptatum eligendi et dignissimos.',0,'2015-09-06 14:15:04','2016-01-07 11:01:39','zweissnat'),('0763b054-b52e-11e5-b52e-0242ac110002','075de691-b52e-11e5-b52e-0242ac110002','Quam voluptate ipsa veritatis voluptatem doloremque.',1,'2015-02-26 01:19:07','2016-01-07 11:01:39','slittel'),('0763b5a5-b52e-11e5-b52e-0242ac110002','0760b35c-b52e-11e5-b52e-0242ac110002','Molestiae ea maxime autem totam aliquam.',-2,'2015-01-07 12:23:43','2016-01-07 11:01:39','littel.eleazar'),('0763bafd-b52e-11e5-b52e-0242ac110002','0762006d-b52e-11e5-b52e-0242ac110002','Esse ut incidunt illum dolorem esse.',6,'2015-11-06 20:57:46','2016-01-07 11:01:39','xjohnson'),('0763c051-b52e-11e5-b52e-0242ac110002','076098aa-b52e-11e5-b52e-0242ac110002','Illo eius molestias quia quia ullam eveniet rerum.',5,'2015-02-03 23:00:13','2016-01-07 11:01:39','ebradtke'),('0763c5ad-b52e-11e5-b52e-0242ac110002','0760228c-b52e-11e5-b52e-0242ac110002','Voluptatem rerum dolorem dolorem id dolores officia explicabo expedita.',1,'2015-08-18 03:44:59','2016-01-07 11:01:39','leopoldo59'),('0763cdc2-b52e-11e5-b52e-0242ac110002','0760228c-b52e-11e5-b52e-0242ac110002','Blanditiis deleniti id tempora.',3,'2015-11-25 07:52:20','2016-01-07 11:01:39','hilpert.matilde'),('0763d646-b52e-11e5-b52e-0242ac110002','075fe058-b52e-11e5-b52e-0242ac110002','Magni facilis assumenda sunt voluptatem et provident.',-2,'2015-05-15 18:31:07','2016-01-07 11:01:39','hester.wintheiser'),('0763dbdc-b52e-11e5-b52e-0242ac110002','075f9657-b52e-11e5-b52e-0242ac110002','Velit eius aperiam corporis explicabo ad hic veritatis et.',0,'2015-10-30 17:25:44','2016-01-07 11:01:39','schuster.linwood'),('0763e145-b52e-11e5-b52e-0242ac110002','076113a4-b52e-11e5-b52e-0242ac110002','Dolores repellendus fugiat esse minima doloribus.',0,'2015-09-17 08:08:28','2016-01-07 11:01:39','kcorkery'),('0763e6aa-b52e-11e5-b52e-0242ac110002','075c7894-b52e-11e5-b52e-0242ac110002','Architecto voluptas placeat omnis culpa non eveniet quo voluptatem.',8,'2015-09-11 01:48:55','2016-01-07 11:01:39','simonis.treva'),('0763ec12-b52e-11e5-b52e-0242ac110002','076154ed-b52e-11e5-b52e-0242ac110002','Veniam animi tempore pariatur repellendus id culpa a.',-1,'2015-05-19 20:14:39','2016-01-07 11:01:39','dario16'),('0763f172-b52e-11e5-b52e-0242ac110002','075d60a7-b52e-11e5-b52e-0242ac110002','Perferendis assumenda rerum rerum recusandae voluptatum vero doloribus.',3,'2015-06-17 13:41:30','2016-01-07 11:01:39','gaylord.jaylan'),('0763f6c2-b52e-11e5-b52e-0242ac110002','075d1b56-b52e-11e5-b52e-0242ac110002','Dolore id quod illo.',-1,'2015-09-07 14:30:36','2016-01-07 11:01:39','petra.keeling'),('0763fc14-b52e-11e5-b52e-0242ac110002','07613f20-b52e-11e5-b52e-0242ac110002','Eos vel non culpa debitis maxime.',-2,'2015-11-17 23:45:26','2016-01-07 11:01:39','asa.balistreri'),('0764016d-b52e-11e5-b52e-0242ac110002','07602d98-b52e-11e5-b52e-0242ac110002','Temporibus dicta rerum omnis quo voluptatibus ullam voluptatem.',-2,'2015-09-20 20:07:24','2016-01-07 11:01:39','hyatt.lewis'),('076406cf-b52e-11e5-b52e-0242ac110002','0761cdf4-b52e-11e5-b52e-0242ac110002','Quia dicta repellat itaque architecto.',2,'2015-05-16 08:12:28','2016-01-07 11:01:39','torp.jack'),('07640c25-b52e-11e5-b52e-0242ac110002','07619e16-b52e-11e5-b52e-0242ac110002','Dicta vero velit molestiae vero quisquam.',-2,'2015-07-11 11:38:16','2016-01-07 11:01:39','brekke.lauryn'),('07641174-b52e-11e5-b52e-0242ac110002','075f6634-b52e-11e5-b52e-0242ac110002','Minus voluptate magni et.',3,'2015-07-01 03:49:29','2016-01-07 11:01:39','kulas.lillie'),('076416c5-b52e-11e5-b52e-0242ac110002','076078a6-b52e-11e5-b52e-0242ac110002','Officiis excepturi eligendi ducimus autem quo atque culpa.',1,'2015-05-31 03:49:42','2016-01-07 11:01:39','bbahringer'),('07641c18-b52e-11e5-b52e-0242ac110002','075c935b-b52e-11e5-b52e-0242ac110002','Amet sed minus architecto temporibus voluptas.',1,'2015-09-24 17:22:37','2016-01-07 11:01:39','wintheiser.camilla'),('0764216c-b52e-11e5-b52e-0242ac110002','0762006d-b52e-11e5-b52e-0242ac110002','Debitis voluptatem dignissimos voluptas quaerat.',0,'2015-08-18 22:43:58','2016-01-07 11:01:39','marielle95'),('0764271f-b52e-11e5-b52e-0242ac110002','07618508-b52e-11e5-b52e-0242ac110002','Id error quae doloribus minima saepe eaque.',0,'2015-04-27 00:04:45','2016-01-07 11:01:39','weber.jailyn'),('07642c80-b52e-11e5-b52e-0242ac110002','075dd2d1-b52e-11e5-b52e-0242ac110002','Magni iste rerum ut ut id consectetur.',3,'2015-02-19 22:54:31','2016-01-07 11:01:39','kelsie86'),('076431d9-b52e-11e5-b52e-0242ac110002','07604dd9-b52e-11e5-b52e-0242ac110002','Explicabo error aut at quos.',2,'2015-08-31 23:39:45','2016-01-07 11:01:39','friesen.ressie'),('07643739-b52e-11e5-b52e-0242ac110002','07609e00-b52e-11e5-b52e-0242ac110002','Error aut dolorem molestiae aut similique.',10,'2015-04-12 14:50:26','2016-01-07 11:01:39','wrodriguez'),('07643c8d-b52e-11e5-b52e-0242ac110002','07622b56-b52e-11e5-b52e-0242ac110002','Aut debitis laborum maiores nam nobis.',5,'2015-05-18 06:04:35','2016-01-07 11:01:39','klein.darlene'),('076441ec-b52e-11e5-b52e-0242ac110002','0762108c-b52e-11e5-b52e-0242ac110002','Omnis consectetur hic cumque repudiandae laboriosam accusantium dignissimos.',4,'2015-03-27 11:07:42','2016-01-07 11:01:39','schuppe.delpha'),('07644756-b52e-11e5-b52e-0242ac110002','075d30c1-b52e-11e5-b52e-0242ac110002','Et quae sit nobis magni reiciendis velit quam.',-1,'2015-04-27 21:29:40','2016-01-07 11:01:39','pmiller'),('07644cb6-b52e-11e5-b52e-0242ac110002','07616fa1-b52e-11e5-b52e-0242ac110002','Explicabo ut molestias voluptatem repellat dicta.',-2,'2015-11-14 12:26:23','2016-01-07 11:01:39','leilani45'),('07645213-b52e-11e5-b52e-0242ac110002','075fae4b-b52e-11e5-b52e-0242ac110002','Magnam ut animi rerum ad veniam quis.',9,'2015-04-26 06:33:09','2016-01-07 11:01:39','caroline.durgan'),('07645763-b52e-11e5-b52e-0242ac110002','075e57d3-b52e-11e5-b52e-0242ac110002','Adipisci quas quos debitis doloribus amet dolor quasi.',-1,'2015-10-09 08:54:56','2016-01-07 11:01:39','evelyn85'),('07645cbb-b52e-11e5-b52e-0242ac110002','075ce3dd-b52e-11e5-b52e-0242ac110002','Est praesentium ea dolor numquam.',-1,'2015-03-13 01:31:22','2016-01-07 11:01:39','yboyer'),('07646216-b52e-11e5-b52e-0242ac110002','075c6337-b52e-11e5-b52e-0242ac110002','Quisquam perspiciatis voluptatem aspernatur voluptates quod voluptatem.',0,'2015-03-30 22:31:31','2016-01-07 11:01:39','johns.winifred'),('0764676e-b52e-11e5-b52e-0242ac110002','075c935b-b52e-11e5-b52e-0242ac110002','Cupiditate et ab eaque voluptate aliquid maxime quasi.',1,'2015-03-04 20:57:40','2016-01-07 11:01:39','plang'),('07646cbf-b52e-11e5-b52e-0242ac110002','0761df02-b52e-11e5-b52e-0242ac110002','Amet soluta quo quaerat.',2,'2015-06-11 19:58:27','2016-01-07 11:01:39','braun.tara'),('07647214-b52e-11e5-b52e-0242ac110002','07621b3d-b52e-11e5-b52e-0242ac110002','Quisquam enim odio et atque.',-2,'2015-11-10 12:48:22','2016-01-07 11:01:39','maggio.margie'),('07647770-b52e-11e5-b52e-0242ac110002','0760f34d-b52e-11e5-b52e-0242ac110002','Quia et autem doloribus eius est laboriosam.',6,'2015-01-28 06:14:37','2016-01-07 11:01:39','upton.ralph'),('07647ccc-b52e-11e5-b52e-0242ac110002','075d04f9-b52e-11e5-b52e-0242ac110002','Fugit optio magni sit suscipit repellendus nesciunt et.',-1,'2015-12-14 21:20:32','2016-01-07 11:01:39','renee.goodwin'),('0764821f-b52e-11e5-b52e-0242ac110002','07611e4b-b52e-11e5-b52e-0242ac110002','Fuga soluta voluptatem similique optio nulla nihil est.',4,'2015-07-08 00:35:41','2016-01-07 11:01:39','narciso.mclaughlin'),('07648770-b52e-11e5-b52e-0242ac110002','075eba38-b52e-11e5-b52e-0242ac110002','Possimus eum nihil velit eos voluptatem enim.',6,'2015-05-05 08:00:18','2016-01-07 11:01:39','hackett.candace'),('07648cc1-b52e-11e5-b52e-0242ac110002','0761b6e3-b52e-11e5-b52e-0242ac110002','Aperiam corrupti amet id harum atque totam tempore.',-1,'2015-07-22 04:31:51','2016-01-07 11:01:39','llewellyn86'),('07649216-b52e-11e5-b52e-0242ac110002','075f720b-b52e-11e5-b52e-0242ac110002','Sapiente quia reprehenderit eligendi repudiandae molestiae deserunt.',0,'2015-12-30 18:42:23','2016-01-07 11:01:39','kara.schamberger'),('0764976e-b52e-11e5-b52e-0242ac110002','075cf936-b52e-11e5-b52e-0242ac110002','Facere pariatur incidunt laborum aut id.',10,'2015-02-22 07:23:21','2016-01-07 11:01:39','ervin.sporer'),('07649cc6-b52e-11e5-b52e-0242ac110002','075e0d7d-b52e-11e5-b52e-0242ac110002','Beatae accusantium quo praesentium veritatis et qui.',3,'2015-04-17 19:18:18','2016-01-07 11:01:39','predovic.percival'),('0764a219-b52e-11e5-b52e-0242ac110002','075ee0f2-b52e-11e5-b52e-0242ac110002','Laborum perspiciatis reprehenderit culpa qui qui quaerat.',-1,'2015-05-16 08:09:24','2016-01-07 11:01:39','alf.sipes'),('0764aa51-b52e-11e5-b52e-0242ac110002','075f08b9-b52e-11e5-b52e-0242ac110002','Voluptas dolor dignissimos consequuntur quasi.',5,'2015-03-19 18:19:29','2016-01-07 11:01:39','juwan53'),('0764afc9-b52e-11e5-b52e-0242ac110002','075f4874-b52e-11e5-b52e-0242ac110002','Rerum asperiores vitae atque voluptatem.',4,'2015-08-06 09:43:11','2016-01-07 11:01:39','kvandervort'),('0764b5eb-b52e-11e5-b52e-0242ac110002','0760de0e-b52e-11e5-b52e-0242ac110002','Corrupti accusamus reprehenderit quae numquam ut ut accusantium ad.',5,'2015-10-09 04:28:20','2016-01-07 11:01:39','dalton.purdy'),('0764bb52-b52e-11e5-b52e-0242ac110002','07618508-b52e-11e5-b52e-0242ac110002','Perspiciatis molestiae voluptas assumenda atque nobis impedit laudantium.',9,'2015-01-20 17:21:31','2016-01-07 11:01:39','rosalinda04'),('0764c0bd-b52e-11e5-b52e-0242ac110002','075d40b6-b52e-11e5-b52e-0242ac110002','Quos reiciendis architecto dignissimos suscipit voluptatibus cum alias.',6,'2015-06-06 11:15:30','2016-01-07 11:01:39','swaniawski.eldora'),('0764c616-b52e-11e5-b52e-0242ac110002','075f0250-b52e-11e5-b52e-0242ac110002','Molestias excepturi minus totam earum et eius ipsum fuga.',3,'2015-10-19 03:31:29','2016-01-07 11:01:39','trevor.heller'),('0764cb6d-b52e-11e5-b52e-0242ac110002','0761b6e3-b52e-11e5-b52e-0242ac110002','Consequatur dolore ex ducimus corporis voluptate assumenda odio maiores.',5,'2015-06-09 13:59:38','2016-01-07 11:01:39','huel.lucie'),('0764d0c4-b52e-11e5-b52e-0242ac110002','075ecd99-b52e-11e5-b52e-0242ac110002','Reiciendis autem adipisci aperiam enim sunt ad.',7,'2015-07-05 14:27:46','2016-01-07 11:01:39','cremin.roberta'),('0764da7c-b52e-11e5-b52e-0242ac110002','075f9c4c-b52e-11e5-b52e-0242ac110002','Laboriosam impedit delectus sequi eum necessitatibus non.',8,'2015-08-10 21:30:44','2016-01-07 11:01:39','curtis87'),('0764dffb-b52e-11e5-b52e-0242ac110002','075db49d-b52e-11e5-b52e-0242ac110002','Est accusamus odit exercitationem recusandae ut sit rerum.',1,'2015-03-09 03:16:33','2016-01-07 11:01:39','delphine.roob'),('0764e55d-b52e-11e5-b52e-0242ac110002','075e4af0-b52e-11e5-b52e-0242ac110002','Perspiciatis harum enim ut harum.',9,'2015-11-18 22:28:23','2016-01-07 11:01:39','heidenreich.kyla'),('0764eab7-b52e-11e5-b52e-0242ac110002','075ecd99-b52e-11e5-b52e-0242ac110002','Magnam occaecati nam soluta aliquam assumenda inventore voluptatem.',0,'2015-05-22 16:59:41','2016-01-07 11:01:39','lueilwitz.jayden'),('0764f010-b52e-11e5-b52e-0242ac110002','07618fb6-b52e-11e5-b52e-0242ac110002','Omnis quo et expedita quo qui.',6,'2015-11-25 00:47:43','2016-01-07 11:01:39','omosciski'),('0764f56d-b52e-11e5-b52e-0242ac110002','076154ed-b52e-11e5-b52e-0242ac110002','Veniam repudiandae quia recusandae harum qui.',-2,'2015-02-14 11:21:14','2016-01-07 11:01:39','adell.sporer'),('0764fad6-b52e-11e5-b52e-0242ac110002','075ef507-b52e-11e5-b52e-0242ac110002','Officia excepturi dolores dolor natus sed.',-1,'2015-12-11 06:17:42','2016-01-07 11:01:39','parisian.sam'),('07650030-b52e-11e5-b52e-0242ac110002','075fa248-b52e-11e5-b52e-0242ac110002','Expedita asperiores totam animi officia architecto quidem natus.',10,'2015-10-23 15:28:37','2016-01-07 11:01:39','natalia.feest'),('0765058b-b52e-11e5-b52e-0242ac110002','0761c256-b52e-11e5-b52e-0242ac110002','Est recusandae illum sit hic autem.',0,'2015-04-27 07:23:39','2016-01-07 11:01:39','xdaniel'),('07650ae8-b52e-11e5-b52e-0242ac110002','07615fa5-b52e-11e5-b52e-0242ac110002','Corporis quam nobis aut aut eaque et.',7,'2015-08-09 17:23:32','2016-01-07 11:01:39','richard04'),('0765103f-b52e-11e5-b52e-0242ac110002','075c6337-b52e-11e5-b52e-0242ac110002','Necessitatibus possimus enim et.',9,'2015-07-09 07:40:36','2016-01-07 11:01:39','fbeahan'),('07651591-b52e-11e5-b52e-0242ac110002','075cf3e5-b52e-11e5-b52e-0242ac110002','Dicta quod ratione libero ipsum voluptatem possimus reiciendis.',10,'2015-01-15 09:06:53','2016-01-07 11:01:39','iwaters'),('07651ae0-b52e-11e5-b52e-0242ac110002','07616a53-b52e-11e5-b52e-0242ac110002','Praesentium aut eum libero consequatur eveniet voluptas maiores.',7,'2015-11-14 21:09:09','2016-01-07 11:01:39','sbogisich'),('07652033-b52e-11e5-b52e-0242ac110002','075e7e83-b52e-11e5-b52e-0242ac110002','Molestiae unde maiores et perferendis non vel optio.',-2,'2015-07-09 22:51:26','2016-01-07 11:01:39','casper.howe'),('0765258f-b52e-11e5-b52e-0242ac110002','075f9657-b52e-11e5-b52e-0242ac110002','Voluptatem nulla eos est est quod.',9,'2015-06-05 19:30:18','2016-01-07 11:01:39','gleichner.francisca'),('07652adb-b52e-11e5-b52e-0242ac110002','075d04f9-b52e-11e5-b52e-0242ac110002','Commodi inventore est asperiores amet.',8,'2015-06-08 21:13:38','2016-01-07 11:01:39','amayert'),('07653033-b52e-11e5-b52e-0242ac110002','07601d15-b52e-11e5-b52e-0242ac110002','Culpa quidem libero quia occaecati ut.',2,'2015-12-06 13:09:47','2016-01-07 11:01:39','kertzmann.arlo'),('07653721-b52e-11e5-b52e-0242ac110002','07615fa5-b52e-11e5-b52e-0242ac110002','Similique et dolores porro ex.',0,'2015-02-19 05:10:39','2016-01-07 11:01:39','fbartoletti'),('07653f53-b52e-11e5-b52e-0242ac110002','0761d3a0-b52e-11e5-b52e-0242ac110002','Non a aut dicta.',7,'2015-12-21 19:03:28','2016-01-07 11:01:39','hboyle'),('07654516-b52e-11e5-b52e-0242ac110002','075f8a6a-b52e-11e5-b52e-0242ac110002','Temporibus possimus iure aut quas sed inventore.',8,'2015-08-11 12:01:06','2016-01-07 11:01:39','buckridge.kolby'),('07654a8d-b52e-11e5-b52e-0242ac110002','075c5330-b52e-11e5-b52e-0242ac110002','Suscipit incidunt et perferendis eveniet reiciendis fugit.',3,'2015-08-07 15:05:11','2016-01-07 11:01:39','ali.beatty'),('07654ffd-b52e-11e5-b52e-0242ac110002','075ca38c-b52e-11e5-b52e-0242ac110002','Deserunt molestias iste aut sed.',-2,'2015-08-11 18:54:36','2016-01-07 11:01:39','ara37'),('0765556e-b52e-11e5-b52e-0242ac110002','0761390c-b52e-11e5-b52e-0242ac110002','Rerum enim quia voluptatem reiciendis.',4,'2015-04-29 02:32:24','2016-01-07 11:01:39','edgar32'),('07655ad5-b52e-11e5-b52e-0242ac110002','076128f8-b52e-11e5-b52e-0242ac110002','Nihil et deserunt perferendis.',-1,'2015-09-03 15:04:02','2016-01-07 11:01:39','pkerluke'),('07656038-b52e-11e5-b52e-0242ac110002','075f6634-b52e-11e5-b52e-0242ac110002','Consectetur officia voluptatibus qui molestias temporibus excepturi.',8,'2015-09-05 08:54:39','2016-01-07 11:01:39','bud.strosin'),('07656599-b52e-11e5-b52e-0242ac110002','075e5e3d-b52e-11e5-b52e-0242ac110002','Natus ut consequatur laudantium non nemo adipisci.',0,'2015-07-28 20:02:50','2016-01-07 11:01:39','garnett85'),('07656af9-b52e-11e5-b52e-0242ac110002','07606346-b52e-11e5-b52e-0242ac110002','Illo quos minus provident sit.',3,'2015-04-18 07:56:57','2016-01-07 11:01:39','hkassulke');
/*!40000 ALTER TABLE `reply` ENABLE KEYS */;
UNLOCK TABLES;

--
-- Table structure for table `topic`
--

DROP TABLE IF EXISTS `topic`;
/*!40101 SET @saved_cs_client     = @@character_set_client */;
/*!40101 SET character_set_client = utf8 */;
CREATE TABLE `topic` (
  `id` char(36) COLLATE utf8_unicode_ci NOT NULL COMMENT '(DC2Type:guid)',
  `parent_id` char(36) COLLATE utf8_unicode_ci DEFAULT NULL COMMENT '(DC2Type:guid)',
  `namespace` varchar(32) COLLATE utf8_unicode_ci NOT NULL,
  `title` varchar(255) COLLATE utf8_unicode_ci NOT NULL,
  `external_ref` varchar(255) COLLATE utf8_unicode_ci DEFAULT NULL,
  `created_at` datetime NOT NULL,
  `updated_at` datetime DEFAULT NULL,
  `user_id` varchar(32) COLLATE utf8_unicode_ci NOT NULL,
  PRIMARY KEY (`id`),
  KEY `IDX_9D40DE1B727ACA70` (`parent_id`),
  KEY `namespace_idx` (`namespace`),
  CONSTRAINT `FK_9D40DE1B727ACA70` FOREIGN KEY (`parent_id`) REFERENCES `topic` (`id`) ON DELETE CASCADE
) ENGINE=InnoDB DEFAULT CHARSET=utf8 COLLATE=utf8_unicode_ci;
/*!40101 SET character_set_client = @saved_cs_client */;

--
-- Dumping data for table `topic`
--

LOCK TABLES `topic` WRITE;
/*!40000 ALTER TABLE `topic` DISABLE KEYS */;
INSERT INTO `topic` VALUES ('075a046b-b52e-11e5-b52e-0242ac110002',NULL,'test','Repellat vero omnis voluptates id amet et.',NULL,'2015-12-29 07:26:26','2016-01-07 11:01:39','zetta86'),('075a1655-b52e-11e5-b52e-0242ac110002',NULL,'test','Dignissimos error et itaque quibusdam tempora velit.',NULL,'2015-03-09 17:14:06','2016-01-07 11:01:39','terry.johns'),('075a1e30-b52e-11e5-b52e-0242ac110002',NULL,'test','Sed libero et velit.','http://www.harris.org/laudantium-quibusdam-enim-nostrum-soluta-qui-ipsam.html','2015-03-10 02:42:42','2016-01-07 11:01:39','egoldner'),('075a2552-b52e-11e5-b52e-0242ac110002',NULL,'test','Doloribus nisi placeat cumque est ducimus temporibus.','http://www.tremblay.com/non-dicta-eveniet-exercitationem-aut-porro-sed','2015-07-18 00:16:12','2016-01-07 11:01:39','aletha.flatley'),('075a2c48-b52e-11e5-b52e-0242ac110002',NULL,'test','Voluptates ut optio quos qui.',NULL,'2015-11-15 17:59:30','2016-01-07 11:01:39','boehm.theo'),('075a3316-b52e-11e5-b52e-0242ac110002',NULL,'test','Incidunt saepe provident esse hic eligendi.',NULL,'2015-07-14 09:27:22','2016-01-07 11:01:39','tmckenzie'),('075a3a2e-b52e-11e5-b52e-0242ac110002',NULL,'test','Aut aut blanditiis et ducimus eos odit.',NULL,'2015-11-06 19:30:30','2016-01-07 11:01:39','zbeier'),('075a404d-b52e-11e5-b52e-0242ac110002',NULL,'test','Et quidem est accusamus aut nemo fuga.','http://rolfson.biz/et-enim-ex-eveniet-facere-sunt','2015-12-25 15:01:35','2016-01-07 11:01:39','lydia.hegmann'),('075a4668-b52e-11e5-b52e-0242ac110002',NULL,'test','Fugit repellendus illo veritatis.','https://www.hermann.com/voluptate-vel-possimus-omnis','2015-04-01 16:11:01','2016-01-07 11:01:39','ondricka.geovanny'),('075a4d62-b52e-11e5-b52e-0242ac110002',NULL,'test','Sequi cum culpa rem aut rerum.',NULL,'2015-02-04 05:17:03','2016-01-07 11:01:39','zelma23'),('075a52e2-b52e-11e5-b52e-0242ac110002',NULL,'test','Recusandae qui cupiditate eos.',NULL,'2015-01-25 10:55:57','2016-01-07 11:01:39','ogutmann'),('075a5854-b52e-11e5-b52e-0242ac110002',NULL,'test','Est accusantium eveniet aut atque possimus aut dolores quis.','https://www.fay.com/nesciunt-est-quia-assumenda','2015-02-09 21:03:42','2016-01-07 11:01:39','buddy17'),('075a5dbd-b52e-11e5-b52e-0242ac110002',NULL,'test','Consequatur reiciendis sit et nihil ut porro.','http://moore.com/','2015-11-18 15:39:15','2016-01-07 11:01:39','vita57'),('075a631c-b52e-11e5-b52e-0242ac110002',NULL,'test','Dolores harum rerum sequi quia quasi quae.',NULL,'2015-02-23 19:48:33','2016-01-07 11:01:39','gaylord.junius'),('075a688a-b52e-11e5-b52e-0242ac110002',NULL,'test','Ad sed architecto quod nulla maxime voluptas.','http://beer.com/accusantium-rerum-nulla-voluptatem-voluptas-optio-quos','2015-05-24 12:38:20','2016-01-07 11:01:39','quitzon.fredy'),('075a6df3-b52e-11e5-b52e-0242ac110002',NULL,'test','Omnis sit nisi recusandae eaque.',NULL,'2015-06-09 00:08:07','2016-01-07 11:01:39','csimonis'),('075a7357-b52e-11e5-b52e-0242ac110002',NULL,'test','Temporibus maxime sint suscipit laudantium quod magni.','https://runolfsdottir.biz/autem-non-non-explicabo-et.html','2015-12-15 02:36:47','2016-01-07 11:01:39','mmuller'),('075a7932-b52e-11e5-b52e-0242ac110002',NULL,'test','Consequatur non rerum in cupiditate voluptas molestiae fuga.','http://pagac.org/quaerat-cupiditate-incidunt-id-sunt-dolorem-veritatis-voluptatem','2015-06-12 05:53:26','2016-01-07 11:01:39','stuart.schneider'),('075a7e9c-b52e-11e5-b52e-0242ac110002',NULL,'test','Ab in hic molestiae odio sed vitae maiores.',NULL,'2015-12-11 12:22:37','2016-01-07 11:01:39','kgislason'),('075a8406-b52e-11e5-b52e-0242ac110002',NULL,'test','Qui doloremque aperiam qui rerum accusamus beatae.',NULL,'2015-12-31 10:46:51','2016-01-07 11:01:39','jvonrueden'),('075a8965-b52e-11e5-b52e-0242ac110002',NULL,'test','Doloribus cupiditate dolorem saepe libero quas.','http://torp.net/','2015-05-13 06:55:14','2016-01-07 11:01:39','vincent17'),('075a8ec0-b52e-11e5-b52e-0242ac110002',NULL,'test','Debitis omnis voluptatem voluptatem et eaque praesentium et.',NULL,'2015-01-26 16:21:28','2016-01-07 11:01:39','macie41'),('075a9418-b52e-11e5-b52e-0242ac110002',NULL,'test','Et ipsam omnis saepe dolor in perspiciatis sit.',NULL,'2015-12-19 14:20:43','2016-01-07 11:01:39','kamryn.franecki'),('075a9976-b52e-11e5-b52e-0242ac110002',NULL,'test','Soluta in dicta molestiae asperiores consequuntur sit repellendus dolorum.','http://www.bartell.org/nesciunt-eum-non-in-esse-et','2015-04-21 16:40:32','2016-01-07 11:01:39','pwolff'),('075a9ed1-b52e-11e5-b52e-0242ac110002',NULL,'test','Ratione eaque possimus quia optio explicabo et repellat tempore.','http://osinski.com/quidem-eum-labore-velit-voluptatibus-in-laudantium','2015-11-22 11:57:16','2016-01-07 11:01:39','elliot.rohan'),('075aa428-b52e-11e5-b52e-0242ac110002',NULL,'test','Quam quia voluptatem quibusdam.','http://www.mayer.org/eius-quibusdam-sapiente-quia-recusandae-aut','2015-05-11 20:36:10','2016-01-07 11:01:39','herbert.cummings'),('075aa97f-b52e-11e5-b52e-0242ac110002',NULL,'test','At ut non eos sed amet.','http://www.boehm.com/occaecati-natus-assumenda-reiciendis-similique-et-laudantium-vel-nisi.html','2015-12-15 11:29:03','2016-01-07 11:01:39','wiley74'),('075aaee7-b52e-11e5-b52e-0242ac110002',NULL,'test','Omnis voluptatibus quae sit.','http://www.schulist.com/et-est-nisi-iusto-amet-neque-deleniti-totam','2015-05-13 10:44:05','2016-01-07 11:01:39','smosciski'),('075ab443-b52e-11e5-b52e-0242ac110002',NULL,'test','Eligendi eos sint ut voluptates.','http://farrell.com/enim-nihil-repellat-ut-culpa','2015-06-29 06:29:05','2016-01-07 11:01:39','brandi41'),('075ab997-b52e-11e5-b52e-0242ac110002',NULL,'test','Nihil esse repudiandae pariatur reprehenderit assumenda.',NULL,'2015-09-12 19:40:57','2016-01-07 11:01:39','aaliyah16'),('075abefb-b52e-11e5-b52e-0242ac110002',NULL,'test','Labore qui et molestias hic minus et.','http://www.rau.org/quia-reprehenderit-magni-fugiat-consequatur-officiis.html','2015-01-07 19:54:13','2016-01-07 11:01:39','carlo.barrows'),('075ac459-b52e-11e5-b52e-0242ac110002',NULL,'test','Distinctio ratione quis voluptates.','http://kohler.com/inventore-perferendis-voluptatem-nisi-quis-consequatur-ullam-voluptas.html','2015-03-30 22:12:26','2016-01-07 11:01:39','hmurazik'),('075ac9b6-b52e-11e5-b52e-0242ac110002',NULL,'test','Dolores quaerat odit quia nisi accusantium natus voluptatem ut.','http://www.gutkowski.biz/','2015-12-26 19:57:07','2016-01-07 11:01:39','ngutkowski'),('075acf1d-b52e-11e5-b52e-0242ac110002',NULL,'test','Explicabo optio amet velit aut delectus iure.',NULL,'2015-09-26 14:25:18','2016-01-07 11:01:39','dwisoky'),('075ad478-b52e-11e5-b52e-0242ac110002',NULL,'test','Similique aut est dolores.','http://kessler.info/','2015-03-29 12:22:56','2016-01-07 11:01:39','myra.von'),('075ad9ca-b52e-11e5-b52e-0242ac110002',NULL,'test','Sit facere cupiditate doloremque odio ad asperiores quaerat.',NULL,'2015-07-27 07:11:32','2016-01-07 11:01:39','bbogisich'),('075adf25-b52e-11e5-b52e-0242ac110002',NULL,'test','Accusantium autem suscipit quia et.',NULL,'2015-07-04 19:15:05','2016-01-07 11:01:39','wade.lueilwitz'),('075ae477-b52e-11e5-b52e-0242ac110002',NULL,'test','Officiis sed autem ut voluptatem est quod alias iste.','http://www.schoen.biz/et-libero-explicabo-quia-sed-ea-aperiam-unde.html','2015-03-30 17:27:43','2016-01-07 11:01:39','vilma.halvorson'),('075ae9cb-b52e-11e5-b52e-0242ac110002',NULL,'test','Et laboriosam dolor odit omnis vel.','http://www.marks.com/beatae-et-nam-itaque-nesciunt-fugit-ea.html','2015-10-22 14:34:15','2016-01-07 11:01:39','crooks.moses'),('075aefcf-b52e-11e5-b52e-0242ac110002',NULL,'test','Cum eius voluptas numquam quam occaecati culpa.',NULL,'2015-11-19 10:19:44','2016-01-07 11:01:39','kristoffer61'),('075af549-b52e-11e5-b52e-0242ac110002',NULL,'test','Aliquid aut cumque consequuntur non qui.','http://wyman.com/autem-qui-est-velit-excepturi-et-necessitatibus-tenetur-doloremque','2015-10-25 16:52:09','2016-01-07 11:01:39','nmoore'),('075afa9b-b52e-11e5-b52e-0242ac110002',NULL,'test','Voluptas necessitatibus eius commodi odio ut aliquid et sit.','http://www.lakin.com/aliquid-repudiandae-qui-voluptatem-distinctio-modi-officiis-eos','2015-08-30 04:47:09','2016-01-07 11:01:39','roel38'),('075afff4-b52e-11e5-b52e-0242ac110002',NULL,'test','Qui eligendi quo voluptas totam asperiores ab tenetur voluptatem.',NULL,'2015-12-22 06:35:50','2016-01-07 11:01:39','claudine.cartwright'),('075b0549-b52e-11e5-b52e-0242ac110002',NULL,'test','At qui eaque nihil aliquid.','http://buckridge.com/quibusdam-alias-omnis-accusamus-aut.html','2015-07-25 12:52:20','2016-01-07 11:01:39','ruthe13'),('075b0a9b-b52e-11e5-b52e-0242ac110002',NULL,'test','Eligendi quae recusandae facere quo.','http://www.kris.com/','2015-01-07 15:27:05','2016-01-07 11:01:39','dyundt'),('075b0ffb-b52e-11e5-b52e-0242ac110002',NULL,'test','Sit in ut qui fugiat dolores.','http://huel.com/quas-ex-similique-consequatur','2015-08-23 22:14:55','2016-01-07 11:01:39','armando82'),('075b154d-b52e-11e5-b52e-0242ac110002',NULL,'test','Sint voluptas a aperiam voluptas aut qui neque.',NULL,'2015-07-13 18:05:11','2016-01-07 11:01:39','brakus.antwon'),('075b1aa1-b52e-11e5-b52e-0242ac110002',NULL,'test','Non dolore quis et eius.',NULL,'2015-12-18 12:16:10','2016-01-07 11:01:39','reyes.oreilly'),('075b2007-b52e-11e5-b52e-0242ac110002',NULL,'test','Accusamus eveniet dolorem voluptatem est similique.','https://wiza.com/provident-et-voluptatem-eveniet-consequatur.html','2015-09-22 11:22:52','2016-01-07 11:01:39','beer.ezekiel'),('075b256b-b52e-11e5-b52e-0242ac110002',NULL,'test','Magnam ut nemo possimus qui totam iste.',NULL,'2015-12-09 08:09:14','2016-01-07 11:01:39','adell01'),('075b2ac5-b52e-11e5-b52e-0242ac110002',NULL,'test','Repellendus ut sit laudantium consequuntur aut.',NULL,'2015-02-20 12:43:35','2016-01-07 11:01:39','hadley90'),('075b3028-b52e-11e5-b52e-0242ac110002',NULL,'test','Doloremque minima aut molestiae sapiente.','http://abernathy.com/similique-ut-debitis-consequatur-facere-dolorum-doloremque','2015-11-17 02:39:06','2016-01-07 11:01:39','jessyca81'),('075b3596-b52e-11e5-b52e-0242ac110002',NULL,'test','Quia quasi sit dolore ad sunt est.','http://wehner.biz/ut-quis-quisquam-consequatur-asperiores-voluptatem-magnam-nostrum','2015-07-04 00:22:19','2016-01-07 11:01:39','lorna34'),('075b3af7-b52e-11e5-b52e-0242ac110002',NULL,'test','Rerum repellendus ducimus nulla voluptatem.',NULL,'2015-03-19 09:29:32','2016-01-07 11:01:39','joan.welch'),('075b4051-b52e-11e5-b52e-0242ac110002',NULL,'test','Dolor qui illo placeat harum voluptatem.','http://glover.com/ut-dolorem-voluptates-deserunt-provident-natus.html','2015-11-07 22:55:07','2016-01-07 11:01:39','aspencer'),('075b45a4-b52e-11e5-b52e-0242ac110002',NULL,'test','Sint mollitia sed facere qui sit.',NULL,'2015-05-30 10:26:33','2016-01-07 11:01:39','fhaley'),('075b4af4-b52e-11e5-b52e-0242ac110002',NULL,'test','Sed recusandae nobis hic rerum delectus.','http://hansen.com/consequatur-aut-ullam-qui-ea','2015-02-17 05:31:44','2016-01-07 11:01:39','ahmed42'),('075b504b-b52e-11e5-b52e-0242ac110002',NULL,'test','Non omnis aut quos ut ad est quidem eum.','https://vandervort.com/porro-blanditiis-eos-enim-non-aut.html','2015-02-09 13:30:21','2016-01-07 11:01:39','elbert92'),('075b55b1-b52e-11e5-b52e-0242ac110002',NULL,'test','Recusandae voluptatem veniam enim quae voluptas assumenda.','http://www.bosco.com/aut-architecto-et-aut-beatae-nam-cum-tempore-doloremque','2015-02-13 18:00:03','2016-01-07 11:01:39','lucy65'),('075b5b0b-b52e-11e5-b52e-0242ac110002',NULL,'test','Repellat provident qui debitis nisi ad ipsa.','http://prosacco.com/','2015-06-17 09:09:27','2016-01-07 11:01:39','jace.lebsack'),('075b606b-b52e-11e5-b52e-0242ac110002',NULL,'test','Repellendus officiis nihil reprehenderit non ut rem esse.','http://www.hoppe.com/velit-aut-omnis-quod-cupiditate-culpa-nisi','2015-07-17 19:26:51','2016-01-07 11:01:39','oceane80'),('075b65c1-b52e-11e5-b52e-0242ac110002',NULL,'test','Quas omnis voluptatem quia soluta recusandae id.',NULL,'2015-12-30 07:17:11','2016-01-07 11:01:39','xtreutel'),('075b6b17-b52e-11e5-b52e-0242ac110002',NULL,'test','Eos fugiat voluptas voluptatem consequuntur nostrum culpa.',NULL,'2015-10-10 19:30:53','2016-01-07 11:01:39','heber.homenick'),('075b706c-b52e-11e5-b52e-0242ac110002',NULL,'test','Atque expedita ratione minima aut ut reiciendis ut.',NULL,'2015-11-27 08:07:02','2016-01-07 11:01:39','yvonrueden'),('075b75c2-b52e-11e5-b52e-0242ac110002',NULL,'test','Nulla quisquam labore saepe perspiciatis doloremque.',NULL,'2015-08-16 05:51:40','2016-01-07 11:01:39','dicki.angelita'),('075b7dcb-b52e-11e5-b52e-0242ac110002',NULL,'test','Et quasi incidunt rerum ex accusamus.','https://wehner.com/quidem-fugit-sapiente-ullam-eveniet.html','2015-01-28 18:07:01','2016-01-07 11:01:39','smitham.reymundo'),('075b877b-b52e-11e5-b52e-0242ac110002',NULL,'test','Iure voluptatibus dolorem totam.','http://www.davis.com/sint-velit-rerum-autem-quia','2015-06-19 15:21:05','2016-01-07 11:01:39','lemke.elza'),('075b8f76-b52e-11e5-b52e-0242ac110002',NULL,'test','Vero animi fugiat corporis.','http://schmidt.com/','2015-11-28 16:06:11','2016-01-07 11:01:39','anissa.okeefe'),('075b95a9-b52e-11e5-b52e-0242ac110002',NULL,'test','Hic incidunt et sunt.','http://www.marquardt.com/id-repudiandae-ipsa-doloremque-placeat-ut-esse','2015-10-28 06:26:44','2016-01-07 11:01:39','king.jamal'),('075b9b7d-b52e-11e5-b52e-0242ac110002',NULL,'test','Ratione animi maxime enim est quam provident.','http://wilkinson.org/ipsa-dolorum-optio-odio-aspernatur-qui-dolor.html','2015-05-09 13:35:14','2016-01-07 11:01:39','price.jasper'),('075ba12d-b52e-11e5-b52e-0242ac110002',NULL,'test','Qui molestiae quia voluptatem quisquam.',NULL,'2015-01-17 12:03:57','2016-01-07 11:01:39','goyette.ole'),('075ba6d0-b52e-11e5-b52e-0242ac110002',NULL,'test','Culpa dolores consectetur quod doloremque.','http://thompson.com/occaecati-adipisci-veritatis-vel','2015-01-16 02:56:32','2016-01-07 11:01:39','eschmeler'),('075bac59-b52e-11e5-b52e-0242ac110002',NULL,'test','Accusamus vel quae laborum expedita quis ut.',NULL,'2015-12-06 16:02:14','2016-01-07 11:01:39','davin10'),('075bb1cd-b52e-11e5-b52e-0242ac110002',NULL,'test','Ipsum omnis maiores esse nobis perspiciatis inventore.','http://www.kuhlman.com/','2015-04-11 08:18:30','2016-01-07 11:01:39','hobart05'),('075bb73f-b52e-11e5-b52e-0242ac110002',NULL,'test','Et aliquid neque voluptas est.','https://www.lehner.com/est-tempora-qui-minus-officia','2015-02-23 00:53:16','2016-01-07 11:01:39','bahringer.kaylie'),('075bbcb3-b52e-11e5-b52e-0242ac110002','075b6b17-b52e-11e5-b52e-0242ac110002','test','Eveniet repudiandae laborum dolor quasi.',NULL,'2015-12-03 16:15:05','2016-01-07 11:01:39','bwaters'),('075bc216-b52e-11e5-b52e-0242ac110002','075a9ed1-b52e-11e5-b52e-0242ac110002','test','Et accusamus veniam et adipisci libero qui.','http://www.wyman.info/molestiae-aliquam-officiis-soluta-aliquam-saepe.html','2015-02-01 22:29:24','2016-01-07 11:01:39','hoppe.casper'),('075bc775-b52e-11e5-b52e-0242ac110002','075b0549-b52e-11e5-b52e-0242ac110002','test','Consequatur mollitia ducimus veritatis.',NULL,'2015-02-26 16:59:58','2016-01-07 11:01:39','olen.kub'),('075bccd9-b52e-11e5-b52e-0242ac110002','075b3af7-b52e-11e5-b52e-0242ac110002','test','Voluptas blanditiis et quo aut culpa reiciendis dolorum.',NULL,'2015-11-02 18:29:51','2016-01-07 11:01:39','jenkins.max'),('075bd22f-b52e-11e5-b52e-0242ac110002','075be240-b52e-11e5-b52e-0242ac110002','test','Officia et dolorem impedit et.',NULL,'2015-02-23 12:13:47','2016-01-07 11:01:39','ondricka.philip'),('075bd786-b52e-11e5-b52e-0242ac110002','075a8965-b52e-11e5-b52e-0242ac110002','test','Labore sit quod est qui dolor reprehenderit alias.','https://mante.info/dolores-nobis-recusandae-qui.html','2015-11-26 22:23:45','2016-01-07 11:01:39','ukulas'),('075bdce6-b52e-11e5-b52e-0242ac110002','075bb1cd-b52e-11e5-b52e-0242ac110002','test','Libero et repellat rerum voluptas.',NULL,'2015-05-10 10:54:47','2016-01-07 11:01:39','unader'),('075be240-b52e-11e5-b52e-0242ac110002','075ad9ca-b52e-11e5-b52e-0242ac110002','test','Tenetur itaque illo sunt possimus esse.',NULL,'2015-05-20 21:07:19','2016-01-07 11:01:39','tierra50'),('075be7a1-b52e-11e5-b52e-0242ac110002','075bccd9-b52e-11e5-b52e-0242ac110002','test','Maiores quo pariatur qui pariatur cumque.','https://marquardt.biz/omnis-quibusdam-asperiores-aliquid.html','2015-08-23 21:26:19','2016-01-07 11:01:39','otha.klein'),('075becff-b52e-11e5-b52e-0242ac110002','075b7dcb-b52e-11e5-b52e-0242ac110002','test','Vitae consectetur quia recusandae eligendi vel.','http://zieme.org/neque-optio-quod-et','2015-07-24 07:12:05','2016-01-07 11:01:39','lubowitz.stan'),('075bf257-b52e-11e5-b52e-0242ac110002','075ac9b6-b52e-11e5-b52e-0242ac110002','test','Repudiandae quod sit asperiores eum.',NULL,'2015-02-25 19:04:09','2016-01-07 11:01:39','boehm.dameon'),('075bf7b1-b52e-11e5-b52e-0242ac110002','075a4668-b52e-11e5-b52e-0242ac110002','test','Pariatur vel laudantium et laborum.','http://www.collier.biz/in-et-fugit-eius-facilis','2015-11-07 00:53:20','2016-01-07 11:01:39','leonor.morissette'),('075bfd0d-b52e-11e5-b52e-0242ac110002','075b55b1-b52e-11e5-b52e-0242ac110002','test','Eveniet rerum architecto commodi.',NULL,'2015-11-23 21:04:37','2016-01-07 11:01:39','rhansen'),('075c02db-b52e-11e5-b52e-0242ac110002','075be240-b52e-11e5-b52e-0242ac110002','test','Deleniti voluptatem iure et atque aut consequuntur.',NULL,'2015-11-28 04:19:15','2016-01-07 11:01:39','armstrong.lorena'),('075c0841-b52e-11e5-b52e-0242ac110002','075a7e9c-b52e-11e5-b52e-0242ac110002','test','Repellat expedita laudantium ducimus qui.','http://bergstrom.com/','2015-04-19 20:04:02','2016-01-07 11:01:39','thora.kuhn'),('075c0da8-b52e-11e5-b52e-0242ac110002','075b256b-b52e-11e5-b52e-0242ac110002','test','Voluptatum excepturi sit quos magni numquam.','https://www.hamill.com/modi-consequuntur-eveniet-est','2015-08-08 00:00:17','2016-01-07 11:01:39','sarah53'),('075c1301-b52e-11e5-b52e-0242ac110002','075bb1cd-b52e-11e5-b52e-0242ac110002','test','Vel aut aliquid libero quis sit.','http://mckenzie.com/vel-doloremque-modi-est-qui-inventore-voluptate.html','2015-12-23 06:16:34','2016-01-07 11:01:39','jett.pfeffer'),('075c1853-b52e-11e5-b52e-0242ac110002','075a9ed1-b52e-11e5-b52e-0242ac110002','test','Suscipit quo consequatur ipsa repellendus.',NULL,'2015-03-05 23:47:07','2016-01-07 11:01:39','mohammad.schmeler'),('075c1daa-b52e-11e5-b52e-0242ac110002','075bd786-b52e-11e5-b52e-0242ac110002','test','Sint eum nobis et et et.',NULL,'2015-04-29 09:46:39','2016-01-07 11:01:39','ardella.willms'),('075c2304-b52e-11e5-b52e-0242ac110002','075b8f76-b52e-11e5-b52e-0242ac110002','test','Quis labore facilis sit ea quia velit quia laudantium.',NULL,'2015-01-10 12:12:11','2016-01-07 11:01:39','omann'),('075c2859-b52e-11e5-b52e-0242ac110002','075bd786-b52e-11e5-b52e-0242ac110002','test','Quidem quo similique vel.','http://www.kris.biz/','2015-04-20 19:13:06','2016-01-07 11:01:39','batz.myriam'),('075c2da9-b52e-11e5-b52e-0242ac110002','075a2c48-b52e-11e5-b52e-0242ac110002','test','Ullam fugiat maiores omnis quo.',NULL,'2015-04-25 12:26:37','2016-01-07 11:01:39','armstrong.emile'),('075c3300-b52e-11e5-b52e-0242ac110002','075a5dbd-b52e-11e5-b52e-0242ac110002','test','Repellendus sapiente accusamus dolor.','http://www.abbott.com/expedita-repellat-aut-velit-cumque-optio-qui','2015-04-11 11:25:46','2016-01-07 11:01:39','jena08'),('075c3853-b52e-11e5-b52e-0242ac110002','075b4051-b52e-11e5-b52e-0242ac110002','test','Et non ab necessitatibus exercitationem nemo et expedita culpa.',NULL,'2015-11-24 20:25:17','2016-01-07 11:01:39','william69'),('075c3dab-b52e-11e5-b52e-0242ac110002','075a046b-b52e-11e5-b52e-0242ac110002','test','Possimus qui iste velit.',NULL,'2015-07-26 05:21:51','2016-01-07 11:01:39','benton42'),('a296c749-b87f-11e5-bdad-0242ac110002',NULL,'test','A third subtopic','3c','2016-01-11 16:23:23','2016-01-11 16:23:23','testjive'),('dc194eb7-b876-11e5-bdad-0242ac110002',NULL,'test','A third subtopic','mytestreferenceistoolongsfasfsafasfsdfsafdfasf','2016-01-11 15:20:34','2016-01-11 15:20:34','testjive');
/*!40000 ALTER TABLE `topic` ENABLE KEYS */;
UNLOCK TABLES;
/*!40103 SET TIME_ZONE=@OLD_TIME_ZONE */;

/*!40101 SET SQL_MODE=@OLD_SQL_MODE */;
/*!40014 SET FOREIGN_KEY_CHECKS=@OLD_FOREIGN_KEY_CHECKS */;
/*!40014 SET UNIQUE_CHECKS=@OLD_UNIQUE_CHECKS */;
/*!40101 SET CHARACTER_SET_CLIENT=@OLD_CHARACTER_SET_CLIENT */;
/*!40101 SET CHARACTER_SET_RESULTS=@OLD_CHARACTER_SET_RESULTS */;
/*!40101 SET COLLATION_CONNECTION=@OLD_COLLATION_CONNECTION */;
/*!40111 SET SQL_NOTES=@OLD_SQL_NOTES */;

-- Dump completed on 2016-01-12 11:42:40
